#Data tag : v1 , Norm tag: None
#run:fill,time,ncms,hltpath,delivered(/pb),recorded(/pb)
278273:5169,08/05/16 17:37:20,36,HLT_Mu12_TrkIsoVVL_Ele23_CaloIdL_TrackIdL_IsoVL_DZ_v1,7.323,5.973
278274:5169,08/05/16 17:55:42,84,HLT_Mu12_TrkIsoVVL_Ele23_CaloIdL_TrackIdL_IsoVL_DZ_v1,19.707,18.367
278288:5170,08/05/16 21:11:12,15,HLT_Mu12_TrkIsoVVL_Ele23_CaloIdL_TrackIdL_IsoVL_DZ_v1,3.804,2.925
278289:5170,08/05/16 21:18:02,51,HLT_Mu12_TrkIsoVVL_Ele23_CaloIdL_TrackIdL_IsoVL_DZ_v1,11.428,9.634
278290:5170,08/05/16 21:42:34,11,HLT_Mu12_TrkIsoVVL_Ele23_CaloIdL_TrackIdL_IsoVL_DZ_v1,2.663,2.467
278308:5173,08/06/16 13:00:39,1740,HLT_Mu12_TrkIsoVVL_Ele23_CaloIdL_TrackIdL_IsoVL_DZ_v1,336.199,320.155
278310:5173,08/07/16 00:47:36,708,HLT_Mu12_TrkIsoVVL_Ele23_CaloIdL_TrackIdL_IsoVL_DZ_v1,93.872,90.876
278315:5179,08/07/16 10:56:52,693,HLT_Mu12_TrkIsoVVL_Ele23_CaloIdL_TrackIdL_IsoVL_DZ_v1,152.675,140.247
278345:5181,08/08/16 00:13:39,746,HLT_Mu12_TrkIsoVVL_Ele23_CaloIdL_TrackIdL_IsoVL_DZ_v1,166.625,153.133
278346:5181,08/08/16 05:08:15,117,HLT_Mu12_TrkIsoVVL_Ele23_CaloIdL_TrackIdL_IsoVL_DZ_v1,22.700,21.608
278349:5181,08/08/16 06:27:06,613,HLT_Mu12_TrkIsoVVL_Ele23_CaloIdL_TrackIdL_IsoVL_DZ_v1,101.605,97.121
278366:5181,08/08/16 10:36:47,453,HLT_Mu12_TrkIsoVVL_Ele23_CaloIdL_TrackIdL_IsoVL_DZ_v1,63.269,61.039
278406:5183,08/08/16 17:15:50,1597,HLT_Mu12_TrkIsoVVL_Ele23_CaloIdL_TrackIdL_IsoVL_DZ_v1,319.947,303.620
278509:5187,08/09/16 18:29:15,1467,HLT_Mu12_TrkIsoVVL_Ele23_CaloIdL_TrackIdL_IsoVL_DZ_v1,301.129,279.389
278769:5197,08/13/16 06:38:56,30,HLT_Mu12_TrkIsoVVL_Ele23_CaloIdL_TrackIdL_IsoVL_DZ_v1,7.931,7.329
278770:5197,08/13/16 06:54:00,767,HLT_Mu12_TrkIsoVVL_Ele23_CaloIdL_TrackIdL_IsoVL_DZ_v1,174.284,166.984
278801:5198,08/13/16 14:43:37,38,HLT_Mu12_TrkIsoVVL_Ele23_CaloIdL_TrackIdL_IsoVL_DZ_v1,10.292,7.936
278802:5198,08/13/16 15:01:05,17,HLT_Mu12_TrkIsoVVL_Ele23_CaloIdL_TrackIdL_IsoVL_DZ_v1,4.105,1.739
278803:5198,08/13/16 15:10:53,318,HLT_Mu12_TrkIsoVVL_Ele23_CaloIdL_TrackIdL_IsoVL_DZ_v1,78.695,72.759
278804:5198,08/13/16 17:20:06,4,HLT_Mu12_TrkIsoVVL_Ele23_CaloIdL_TrackIdL_IsoVL_DZ_v1,0.929,0.762
278805:5198,08/13/16 17:23:57,274,HLT_Mu12_TrkIsoVVL_Ele23_CaloIdL_TrackIdL_IsoVL_DZ_v1,60.301,56.548
278808:5198,08/13/16 19:25:19,1791,HLT_Mu12_TrkIsoVVL_Ele23_CaloIdL_TrackIdL_IsoVL_DZ_v1,287.054,276.362
278820:5199,08/14/16 11:00:51,1517,HLT_Mu12_TrkIsoVVL_Ele23_CaloIdL_TrackIdL_IsoVL_DZ_v1,304.872,292.856
278822:5199,08/14/16 21:52:47,1627,HLT_Mu12_TrkIsoVVL_Ele23_CaloIdL_TrackIdL_IsoVL_DZ_v1,202.893,196.568
278873:5205,08/15/16 23:25:45,60,HLT_Mu12_TrkIsoVVL_Ele23_CaloIdL_TrackIdL_IsoVL_DZ_v1,11.489,2.058
278874:5205,08/15/16 23:51:53,477,HLT_Mu12_TrkIsoVVL_Ele23_CaloIdL_TrackIdL_IsoVL_DZ_v1,88.698,83.419
278875:5205,08/16/16 03:01:20,833,HLT_Mu12_TrkIsoVVL_Ele23_CaloIdL_TrackIdL_IsoVL_DZ_v1,123.041,117.573
278923:5206,08/16/16 12:16:32,413,HLT_Mu12_TrkIsoVVL_Ele23_CaloIdL_TrackIdL_IsoVL_DZ_v1,104.613,100.175
278957:5209,08/16/16 21:31:36,149,HLT_Mu12_TrkIsoVVL_Ele23_CaloIdL_TrackIdL_IsoVL_DZ_v1,38.331,36.745
278962:5210,08/17/16 01:08:31,341,HLT_Mu12_TrkIsoVVL_Ele23_CaloIdL_TrackIdL_IsoVL_DZ_v1,83.145,77.293
278963:5210,08/17/16 03:24:57,174,HLT_Mu12_TrkIsoVVL_Ele23_CaloIdL_TrackIdL_IsoVL_DZ_v1,39.264,37.745
278969:5211,08/17/16 07:16:52,1386,HLT_Mu12_TrkIsoVVL_Ele23_CaloIdL_TrackIdL_IsoVL_DZ_v1,300.996,287.917
278975:5211,08/17/16 16:23:16,848,HLT_Mu12_TrkIsoVVL_Ele23_CaloIdL_TrackIdL_IsoVL_DZ_v1,129.009,123.191
278976:5211,08/17/16 21:58:16,20,HLT_Mu12_TrkIsoVVL_Ele23_CaloIdL_TrackIdL_IsoVL_DZ_v1,2.729,2.627
278986:5213,08/18/16 04:02:59,129,HLT_Mu12_TrkIsoVVL_Ele23_CaloIdL_TrackIdL_IsoVL_DZ_v1,34.228,32.092
279024:5219,08/18/16 22:31:53,301,HLT_Mu12_TrkIsoVVL_Ele23_CaloIdL_TrackIdL_IsoVL_DZ_v1,53.413,50.732
279029:5219,08/19/16 02:19:40,260,HLT_Mu12_TrkIsoVVL_Ele23_CaloIdL_TrackIdL_IsoVL_DZ_v1,41.058,39.029
279071:5222,08/19/16 15:40:07,174,HLT_Mu12_TrkIsoVVL_Ele23_CaloIdL_TrackIdL_IsoVL_DZ_v1,24.128,23.198
279080:5223,08/19/16 22:42:50,157,HLT_Mu12_TrkIsoVVL_Ele23_CaloIdL_TrackIdL_IsoVL_DZ_v1,13.641,13.167
279115:5229,08/20/16 22:08:09,407,HLT_Mu12_TrkIsoVVL_Ele23_CaloIdL_TrackIdL_IsoVL_DZ_v1,89.285,85.924
279116:5229,08/21/16 01:36:03,448,HLT_Mu12_TrkIsoVVL_Ele23_CaloIdL_TrackIdL_IsoVL_DZ_v1,96.330,92.434
279479:5247,08/25/16 04:33:24,105,HLT_Mu12_TrkIsoVVL_Ele23_CaloIdL_TrackIdL_IsoVL_DZ_v1,6.411,6.066
279588:5251,08/25/16 21:08:11,1160,HLT_Mu12_TrkIsoVVL_Ele23_CaloIdL_TrackIdL_IsoVL_DZ_v1,241.675,233.156
279653:5253,08/26/16 14:05:52,181,HLT_Mu12_TrkIsoVVL_Ele23_CaloIdL_TrackIdL_IsoVL_DZ_v1,45.810,44.147
279654:5253,08/26/16 15:21:58,1245,HLT_Mu12_TrkIsoVVL_Ele23_CaloIdL_TrackIdL_IsoVL_DZ_v1,253.666,245.477
279656:5253,08/26/16 23:49:40,43,HLT_Mu12_TrkIsoVVL_Ele23_CaloIdL_TrackIdL_IsoVL_DZ_v1,6.900,5.825
279658:5253,08/27/16 01:35:19,712,HLT_Mu12_TrkIsoVVL_Ele23_CaloIdL_TrackIdL_IsoVL_DZ_v1,97.710,95.006
279667:5254,08/27/16 09:08:23,966,HLT_Mu12_TrkIsoVVL_Ele23_CaloIdL_TrackIdL_IsoVL_DZ_v1,217.998,210.827
279681:5256,08/27/16 21:57:02,28,HLT_Mu12_TrkIsoVVL_Ele23_CaloIdL_TrackIdL_IsoVL_DZ_v1,7.306,6.716
279682:5256,08/27/16 22:11:02,33,HLT_Mu12_TrkIsoVVL_Ele23_CaloIdL_TrackIdL_IsoVL_DZ_v1,8.662,7.833
279683:5256,08/27/16 22:32:16,26,HLT_Mu12_TrkIsoVVL_Ele23_CaloIdL_TrackIdL_IsoVL_DZ_v1,6.753,6.411
279684:5256,08/27/16 22:46:58,22,HLT_Mu12_TrkIsoVVL_Ele23_CaloIdL_TrackIdL_IsoVL_DZ_v1,5.593,5.345
279685:5256,08/27/16 23:07:12,208,HLT_Mu12_TrkIsoVVL_Ele23_CaloIdL_TrackIdL_IsoVL_DZ_v1,50.467,48.848
279691:5257,08/28/16 03:41:26,43,HLT_Mu12_TrkIsoVVL_Ele23_CaloIdL_TrackIdL_IsoVL_DZ_v1,10.322,9.728
279694:5257,08/28/16 04:03:09,2235,HLT_Mu12_TrkIsoVVL_Ele23_CaloIdL_TrackIdL_IsoVL_DZ_v1,418.135,406.150
279715:5258,08/28/16 22:01:34,577,HLT_Mu12_TrkIsoVVL_Ele23_CaloIdL_TrackIdL_IsoVL_DZ_v1,135.677,130.204
279716:5258,08/29/16 02:17:06,1638,HLT_Mu12_TrkIsoVVL_Ele23_CaloIdL_TrackIdL_IsoVL_DZ_v1,269.173,262.229
279760:5261,08/29/16 20:21:24,655,HLT_Mu12_TrkIsoVVL_Ele23_CaloIdL_TrackIdL_IsoVL_DZ_v1,161.478,156.255
279766:5261,08/30/16 01:08:36,1689,HLT_Mu12_TrkIsoVVL_Ele23_CaloIdL_TrackIdL_IsoVL_DZ_v1,282.978,274.841
279767:5261,08/30/16 12:08:03,776,HLT_Mu12_TrkIsoVVL_Ele23_CaloIdL_TrackIdL_IsoVL_DZ_v1,94.447,92.355
279794:5264,08/30/16 23:41:02,1024,HLT_Mu12_TrkIsoVVL_Ele23_CaloIdL_TrackIdL_IsoVL_DZ_v1,234.466,227.434
279823:5265,08/31/16 10:00:39,335,HLT_Mu12_TrkIsoVVL_Ele23_CaloIdL_TrackIdL_IsoVL_DZ_v1,85.837,83.242
279841:5266,08/31/16 15:23:17,2040,HLT_Mu12_TrkIsoVVL_Ele23_CaloIdL_TrackIdL_IsoVL_DZ_v1,390.773,378.513
279844:5267,09/01/16 07:21:16,224,HLT_Mu12_TrkIsoVVL_Ele23_CaloIdL_TrackIdL_IsoVL_DZ_v1,60.182,57.514
279887:5270,09/01/16 23:20:52,316,HLT_Mu12_TrkIsoVVL_Ele23_CaloIdL_TrackIdL_IsoVL_DZ_v1,77.913,74.727
279931:5274,09/02/16 11:37:39,2934,HLT_Mu12_TrkIsoVVL_Ele23_CaloIdL_TrackIdL_IsoVL_DZ_v1,502.189,487.164
279966:5275,09/03/16 09:20:25,363,HLT_Mu12_TrkIsoVVL_Ele23_CaloIdL_TrackIdL_IsoVL_DZ_v1,98.669,94.646
279975:5276,09/03/16 14:45:09,1024,HLT_Mu12_TrkIsoVVL_Ele23_CaloIdL_TrackIdL_IsoVL_DZ_v1,252.850,243.664
279993:5277,09/04/16 00:23:27,72,HLT_Mu12_TrkIsoVVL_Ele23_CaloIdL_TrackIdL_IsoVL_DZ_v1,19.585,18.378
279994:5277,09/04/16 00:56:48,47,HLT_Mu12_TrkIsoVVL_Ele23_CaloIdL_TrackIdL_IsoVL_DZ_v1,13.340,12.589
280013:5277,09/04/16 03:35:47,25,HLT_Mu12_TrkIsoVVL_Ele23_CaloIdL_TrackIdL_IsoVL_DZ_v1,5.988,5.751
280015:5277,09/04/16 03:55:19,572,HLT_Mu12_TrkIsoVVL_Ele23_CaloIdL_TrackIdL_IsoVL_DZ_v1,122.374,117.766
280016:5277,09/04/16 07:42:16,149,HLT_Mu12_TrkIsoVVL_Ele23_CaloIdL_TrackIdL_IsoVL_DZ_v1,28.222,27.220
280017:5277,09/04/16 08:45:47,608,HLT_Mu12_TrkIsoVVL_Ele23_CaloIdL_TrackIdL_IsoVL_DZ_v1,103.496,100.514
280018:5277,09/04/16 12:47:05,1281,HLT_Mu12_TrkIsoVVL_Ele23_CaloIdL_TrackIdL_IsoVL_DZ_v1,168.200,163.801
280020:5277,09/04/16 21:15:15,45,HLT_Mu12_TrkIsoVVL_Ele23_CaloIdL_TrackIdL_IsoVL_DZ_v1,4.939,4.761
280024:5277,09/04/16 21:47:39,427,HLT_Mu12_TrkIsoVVL_Ele23_CaloIdL_TrackIdL_IsoVL_DZ_v1,44.000,43.199
280187:5279,09/05/16 20:24:23,57,HLT_Mu12_TrkIsoVVL_Ele23_CaloIdL_TrackIdL_IsoVL_DZ_v1,14.903,13.454
280188:5279,09/05/16 20:50:25,245,HLT_Mu12_TrkIsoVVL_Ele23_CaloIdL_TrackIdL_IsoVL_DZ_v1,65.352,62.683
280191:5279,09/05/16 22:40:17,897,HLT_Mu12_TrkIsoVVL_Ele23_CaloIdL_TrackIdL_IsoVL_DZ_v1,189.831,183.010
280194:5279,09/06/16 06:00:49,238,HLT_Mu12_TrkIsoVVL_Ele23_CaloIdL_TrackIdL_IsoVL_DZ_v1,37.356,36.244
280242:5282,09/06/16 15:43:40,625,HLT_Mu12_TrkIsoVVL_Ele23_CaloIdL_TrackIdL_IsoVL_DZ_v1,156.851,150.585
280249:5282,09/06/16 19:52:07,1432,HLT_Mu12_TrkIsoVVL_Ele23_CaloIdL_TrackIdL_IsoVL_DZ_v1,253.448,245.267
280251:5282,09/07/16 05:14:58,371,HLT_Mu12_TrkIsoVVL_Ele23_CaloIdL_TrackIdL_IsoVL_DZ_v1,49.876,48.585
280327:5287,09/08/16 08:23:13,37,HLT_Mu12_TrkIsoVVL_Ele23_CaloIdL_TrackIdL_IsoVL_DZ_v1,9.724,8.880
280330:5287,09/08/16 08:46:53,857,HLT_Mu12_TrkIsoVVL_Ele23_CaloIdL_TrackIdL_IsoVL_DZ_v1,197.041,189.771
280349:5287,09/08/16 14:27:22,620,HLT_Mu12_TrkIsoVVL_Ele23_CaloIdL_TrackIdL_IsoVL_DZ_v1,110.288,106.679
280363:5287,09/08/16 18:47:24,359,HLT_Mu12_TrkIsoVVL_Ele23_CaloIdL_TrackIdL_IsoVL_DZ_v1,53.214,51.471
280364:5287,09/08/16 21:09:57,1349,HLT_Mu12_TrkIsoVVL_Ele23_CaloIdL_TrackIdL_IsoVL_DZ_v1,165.875,160.092
280383:5288,09/09/16 08:41:13,2,HLT_Mu12_TrkIsoVVL_Ele23_CaloIdL_TrackIdL_IsoVL_DZ_v1,0.554,0.252
280384:5288,09/09/16 08:49:12,33,HLT_Mu12_TrkIsoVVL_Ele23_CaloIdL_TrackIdL_IsoVL_DZ_v1,8.614,7.954
280385:5288,09/09/16 09:11:36,2012,HLT_Mu12_TrkIsoVVL_Ele23_CaloIdL_TrackIdL_IsoVL_DZ_v1,387.389,373.399
281613:5331,09/25/16 06:03:32,795,HLT_Mu12_TrkIsoVVL_Ele23_CaloIdL_TrackIdL_IsoVL_DZ_v4,11.728,10.052
281639:5338,09/26/16 07:45:13,132,HLT_Mu12_TrkIsoVVL_Ele23_CaloIdL_TrackIdL_IsoVL_DZ_v4,20.625,19.361
281641:5338,09/26/16 09:34:34,319,HLT_Mu12_TrkIsoVVL_Ele23_CaloIdL_TrackIdL_IsoVL_DZ_v4,41.973,40.201
281693:5339,09/26/16 16:57:00,2191,HLT_Mu12_TrkIsoVVL_Ele23_CaloIdL_TrackIdL_IsoVL_DZ_v4,398.688,385.578
281707:5340,09/27/16 09:47:29,950,HLT_Mu12_TrkIsoVVL_Ele23_CaloIdL_TrackIdL_IsoVL_DZ_v4,228.408,218.994
281726:5340,09/27/16 16:14:38,288,HLT_Mu12_TrkIsoVVL_Ele23_CaloIdL_TrackIdL_IsoVL_DZ_v4,52.403,50.626
281727:5340,09/27/16 18:10:03,1605,HLT_Mu12_TrkIsoVVL_Ele23_CaloIdL_TrackIdL_IsoVL_DZ_v4,214.040,207.989
281797:5345,09/28/16 12:04:48,2052,HLT_Mu12_TrkIsoVVL_Ele23_CaloIdL_TrackIdL_IsoVL_DZ_v4,422.136,406.997
281975:5351,09/30/16 03:23:12,215,HLT_Mu12_TrkIsoVVL_Ele23_CaloIdL_TrackIdL_IsoVL_DZ_v4,59.479,54.922
281976:5351,09/30/16 04:48:03,2166,HLT_Mu12_TrkIsoVVL_Ele23_CaloIdL_TrackIdL_IsoVL_DZ_v4,362.726,348.927
282033:5352,09/30/16 21:30:43,36,HLT_Mu12_TrkIsoVVL_Ele23_CaloIdL_TrackIdL_IsoVL_DZ_v4,9.115,8.406
282034:5352,09/30/16 21:48:05,33,HLT_Mu12_TrkIsoVVL_Ele23_CaloIdL_TrackIdL_IsoVL_DZ_v4,9.496,8.783
282035:5352,09/30/16 22:03:01,40,HLT_Mu12_TrkIsoVVL_Ele23_CaloIdL_TrackIdL_IsoVL_DZ_v4,11.135,9.578
282037:5352,09/30/16 22:24:14,1861,HLT_Mu12_TrkIsoVVL_Ele23_CaloIdL_TrackIdL_IsoVL_DZ_v4,353.895,339.569
282092:5355,10/02/16 13:49:37,1784,HLT_Mu12_TrkIsoVVL_Ele23_CaloIdL_TrackIdL_IsoVL_DZ_v4,314.544,304.390
282708:5391,10/09/16 08:39:30,8,HLT_Mu12_TrkIsoVVL_Ele23_CaloIdL_TrackIdL_IsoVL_DZ_v4,2.537,2.151
282710:5391,10/09/16 08:49:08,3,HLT_Mu12_TrkIsoVVL_Ele23_CaloIdL_TrackIdL_IsoVL_DZ_v4,0.891,0.352
282712:5391,10/09/16 09:00:13,60,HLT_Mu12_TrkIsoVVL_Ele23_CaloIdL_TrackIdL_IsoVL_DZ_v4,17.808,16.959
282730:5393,10/09/16 12:41:53,76,HLT_Mu12_TrkIsoVVL_Ele23_CaloIdL_TrackIdL_IsoVL_DZ_v4,22.626,20.702
282731:5393,10/09/16 13:13:59,172,HLT_Mu12_TrkIsoVVL_Ele23_CaloIdL_TrackIdL_IsoVL_DZ_v4,51.120,48.269
282732:5393,10/09/16 14:23:16,69,HLT_Mu12_TrkIsoVVL_Ele23_CaloIdL_TrackIdL_IsoVL_DZ_v4,19.153,18.400
282733:5393,10/09/16 14:52:26,177,HLT_Mu12_TrkIsoVVL_Ele23_CaloIdL_TrackIdL_IsoVL_DZ_v4,45.728,43.994
282734:5393,10/09/16 16:03:11,327,HLT_Mu12_TrkIsoVVL_Ele23_CaloIdL_TrackIdL_IsoVL_DZ_v4,74.727,72.010
282735:5393,10/09/16 18:12:39,1819,HLT_Mu12_TrkIsoVVL_Ele23_CaloIdL_TrackIdL_IsoVL_DZ_v4,284.972,276.957
282800:5394,10/10/16 14:17:15,377,HLT_Mu12_TrkIsoVVL_Ele23_CaloIdL_TrackIdL_IsoVL_DZ_v4,99.081,95.362
282807:5394,10/10/16 16:48:03,326,HLT_Mu12_TrkIsoVVL_Ele23_CaloIdL_TrackIdL_IsoVL_DZ_v4,76.092,72.103
282814:5394,10/10/16 18:58:58,1843,HLT_Mu12_TrkIsoVVL_Ele23_CaloIdL_TrackIdL_IsoVL_DZ_v4,292.785,283.805
282842:5395,10/11/16 10:34:00,80,HLT_Mu12_TrkIsoVVL_Ele23_CaloIdL_TrackIdL_IsoVL_DZ_v4,24.876,23.877
282917:5401,10/12/16 01:27:07,74,HLT_Mu12_TrkIsoVVL_Ele23_CaloIdL_TrackIdL_IsoVL_DZ_v4,19.253,18.304
282918:5401,10/12/16 02:00:22,51,HLT_Mu12_TrkIsoVVL_Ele23_CaloIdL_TrackIdL_IsoVL_DZ_v4,13.694,13.125
282919:5401,10/12/16 02:23:36,243,HLT_Mu12_TrkIsoVVL_Ele23_CaloIdL_TrackIdL_IsoVL_DZ_v4,60.584,58.416
282922:5401,10/12/16 05:09:33,131,HLT_Mu12_TrkIsoVVL_Ele23_CaloIdL_TrackIdL_IsoVL_DZ_v4,28.009,26.122
282923:5401,10/12/16 06:04:20,219,HLT_Mu12_TrkIsoVVL_Ele23_CaloIdL_TrackIdL_IsoVL_DZ_v4,43.547,41.479
283042:5405,10/12/16 22:38:59,6,HLT_Mu12_TrkIsoVVL_Ele23_CaloIdL_TrackIdL_IsoVL_DZ_v4,1.632,1.446
283043:5405,10/12/16 22:44:16,517,HLT_Mu12_TrkIsoVVL_Ele23_CaloIdL_TrackIdL_IsoVL_DZ_v4,124.514,119.190
283049:5406,10/13/16 05:05:17,12,HLT_Mu12_TrkIsoVVL_Ele23_CaloIdL_TrackIdL_IsoVL_DZ_v4,3.950,3.178
283050:5406,10/13/16 05:13:23,212,HLT_Mu12_TrkIsoVVL_Ele23_CaloIdL_TrackIdL_IsoVL_DZ_v4,63.056,58.893
283052:5406,10/13/16 06:45:19,111,HLT_Mu12_TrkIsoVVL_Ele23_CaloIdL_TrackIdL_IsoVL_DZ_v4,30.745,29.303
283059:5406,10/13/16 08:00:56,450,HLT_Mu12_TrkIsoVVL_Ele23_CaloIdL_TrackIdL_IsoVL_DZ_v4,105.239,100.946
283270:5416,10/14/16 18:39:48,1833,HLT_Mu12_TrkIsoVVL_Ele23_CaloIdL_TrackIdL_IsoVL_DZ_v4,403.253,389.920
283283:5416,10/15/16 06:37:08,1744,HLT_Mu12_TrkIsoVVL_Ele23_CaloIdL_TrackIdL_IsoVL_DZ_v4,208.655,203.589
283305:5418,10/15/16 21:41:13,7,HLT_Mu12_TrkIsoVVL_Ele23_CaloIdL_TrackIdL_IsoVL_DZ_v4,2.183,1.412
283306:5418,10/15/16 21:46:57,289,HLT_Mu12_TrkIsoVVL_Ele23_CaloIdL_TrackIdL_IsoVL_DZ_v4,81.637,78.193
283307:5418,10/15/16 23:43:44,454,HLT_Mu12_TrkIsoVVL_Ele23_CaloIdL_TrackIdL_IsoVL_DZ_v4,106.983,102.419
283308:5418,10/16/16 02:46:26,945,HLT_Mu12_TrkIsoVVL_Ele23_CaloIdL_TrackIdL_IsoVL_DZ_v4,170.854,164.476
283353:5421,10/16/16 19:55:17,743,HLT_Mu12_TrkIsoVVL_Ele23_CaloIdL_TrackIdL_IsoVL_DZ_v4,201.706,194.656
283358:5421,10/17/16 00:50:19,980,HLT_Mu12_TrkIsoVVL_Ele23_CaloIdL_TrackIdL_IsoVL_DZ_v4,185.997,176.656
283359:5421,10/17/16 07:15:19,428,HLT_Mu12_TrkIsoVVL_Ele23_CaloIdL_TrackIdL_IsoVL_DZ_v4,64.075,62.557
283407:5423,10/17/16 21:54:07,33,HLT_Mu12_TrkIsoVVL_Ele23_CaloIdL_TrackIdL_IsoVL_DZ_v4,11.081,9.951
283408:5423,10/17/16 22:10:43,2344,HLT_Mu12_TrkIsoVVL_Ele23_CaloIdL_TrackIdL_IsoVL_DZ_v4,483.967,467.533
283416:5423,10/18/16 15:16:09,195,HLT_Mu12_TrkIsoVVL_Ele23_CaloIdL_TrackIdL_IsoVL_DZ_v4,22.935,22.306
283453:5424,10/18/16 19:07:49,455,HLT_Mu12_TrkIsoVVL_Ele23_CaloIdL_TrackIdL_IsoVL_DZ_v4,130.871,125.417
283469:5426,10/19/16 01:09:36,1,HLT_Mu12_TrkIsoVVL_Ele23_CaloIdL_TrackIdL_IsoVL_DZ_v4,0.340,0.032
283478:5427,10/19/16 04:13:19,874,HLT_Mu12_TrkIsoVVL_Ele23_CaloIdL_TrackIdL_IsoVL_DZ_v4,222.718,214.416
283548:5433,10/19/16 22:58:39,144,HLT_Mu12_TrkIsoVVL_Ele23_CaloIdL_TrackIdL_IsoVL_DZ_v4,30.349,29.351
283680:5437,10/21/16 03:17:51,81,HLT_Mu12_TrkIsoVVL_Ele23_CaloIdL_TrackIdL_IsoVL_DZ_v4,20.118,19.335
283681:5437,10/21/16 03:56:07,17,HLT_Mu12_TrkIsoVVL_Ele23_CaloIdL_TrackIdL_IsoVL_DZ_v4,4.101,3.896
283682:5437,10/21/16 04:08:38,384,HLT_Mu12_TrkIsoVVL_Ele23_CaloIdL_TrackIdL_IsoVL_DZ_v4,84.471,81.925
283685:5437,10/21/16 06:39:38,314,HLT_Mu12_TrkIsoVVL_Ele23_CaloIdL_TrackIdL_IsoVL_DZ_v4,22.016,20.937
283820:5439,10/21/16 20:48:18,1482,HLT_Mu12_TrkIsoVVL_Ele23_CaloIdL_TrackIdL_IsoVL_DZ_v4,274.772,265.822
283830:5439,10/22/16 06:27:24,722,HLT_Mu12_TrkIsoVVL_Ele23_CaloIdL_TrackIdL_IsoVL_DZ_v4,108.171,105.225
283834:5439,10/22/16 11:11:28,81,HLT_Mu12_TrkIsoVVL_Ele23_CaloIdL_TrackIdL_IsoVL_DZ_v4,10.572,9.286
283835:5439,10/22/16 11:45:28,111,HLT_Mu12_TrkIsoVVL_Ele23_CaloIdL_TrackIdL_IsoVL_DZ_v4,13.384,11.666
283865:5441,10/22/16 17:30:09,1177,HLT_Mu12_TrkIsoVVL_Ele23_CaloIdL_TrackIdL_IsoVL_DZ_v4,279.348,270.062
283876:5442,10/23/16 03:38:50,657,HLT_Mu12_TrkIsoVVL_Ele23_CaloIdL_TrackIdL_IsoVL_DZ_v4,173.444,166.990
283877:5442,10/23/16 07:59:53,1496,HLT_Mu12_TrkIsoVVL_Ele23_CaloIdL_TrackIdL_IsoVL_DZ_v4,260.338,252.214
283884:5443,10/23/16 23:44:05,404,HLT_Mu12_TrkIsoVVL_Ele23_CaloIdL_TrackIdL_IsoVL_DZ_v4,108.696,103.871
283885:5443,10/24/16 02:25:30,1723,HLT_Mu12_TrkIsoVVL_Ele23_CaloIdL_TrackIdL_IsoVL_DZ_v4,306.740,298.067
283933:5446,10/24/16 18:32:31,145,HLT_Mu12_TrkIsoVVL_Ele23_CaloIdL_TrackIdL_IsoVL_DZ_v4,42.957,41.003
283934:5446,10/24/16 19:33:15,1258,HLT_Mu12_TrkIsoVVL_Ele23_CaloIdL_TrackIdL_IsoVL_DZ_v4,285.920,275.397
283946:5448,10/25/16 07:30:41,1377,HLT_Mu12_TrkIsoVVL_Ele23_CaloIdL_TrackIdL_IsoVL_DZ_v4,318.400,306.554
283964:5448,10/25/16 16:29:30,388,HLT_Mu12_TrkIsoVVL_Ele23_CaloIdL_TrackIdL_IsoVL_DZ_v4,62.241,60.336
284006:5450,10/26/16 01:53:26,318,HLT_Mu12_TrkIsoVVL_Ele23_CaloIdL_TrackIdL_IsoVL_DZ_v4,61.216,59.131
284014:5450,10/26/16 03:59:16,266,HLT_Mu12_TrkIsoVVL_Ele23_CaloIdL_TrackIdL_IsoVL_DZ_v4,50.380,49.047
284025:5451,10/26/16 08:56:43,48,HLT_Mu12_TrkIsoVVL_Ele23_CaloIdL_TrackIdL_IsoVL_DZ_v4,12.839,12.406
284029:5451,10/26/16 09:19:00,112,HLT_Mu12_TrkIsoVVL_Ele23_CaloIdL_TrackIdL_IsoVL_DZ_v4,32.329,30.464
284035:5451,10/26/16 10:04:52,360,HLT_Mu12_TrkIsoVVL_Ele23_CaloIdL_TrackIdL_IsoVL_DZ_v4,92.406,89.360
284036:5451,10/26/16 12:28:09,346,HLT_Mu12_TrkIsoVVL_Ele23_CaloIdL_TrackIdL_IsoVL_DZ_v4,76.505,73.364
284037:5451,10/26/16 14:48:03,340,HLT_Mu12_TrkIsoVVL_Ele23_CaloIdL_TrackIdL_IsoVL_DZ_v4,65.981,63.958
284038:5451,10/26/16 17:02:16,55,HLT_Mu12_TrkIsoVVL_Ele23_CaloIdL_TrackIdL_IsoVL_DZ_v4,9.961,9.343
284039:5451,10/26/16 17:27:02,30,HLT_Mu12_TrkIsoVVL_Ele23_CaloIdL_TrackIdL_IsoVL_DZ_v4,5.336,4.924
284040:5451,10/26/16 17:42:18,33,HLT_Mu12_TrkIsoVVL_Ele23_CaloIdL_TrackIdL_IsoVL_DZ_v4,5.803,5.592
284041:5451,10/26/16 17:59:11,44,HLT_Mu12_TrkIsoVVL_Ele23_CaloIdL_TrackIdL_IsoVL_DZ_v4,7.419,6.997
284042:5451,10/26/16 18:23:53,129,HLT_Mu12_TrkIsoVVL_Ele23_CaloIdL_TrackIdL_IsoVL_DZ_v4,21.160,20.243
284043:5451,10/26/16 19:17:23,220,HLT_Mu12_TrkIsoVVL_Ele23_CaloIdL_TrackIdL_IsoVL_DZ_v4,33.372,32.611
284044:5451,10/26/16 20:46:05,30,HLT_Mu12_TrkIsoVVL_Ele23_CaloIdL_TrackIdL_IsoVL_DZ_v4,4.498,4.410
278273:5169,08/05/16 17:37:20,36,HLT_Mu12_TrkIsoVVL_Ele23_CaloIdL_TrackIdL_IsoVL_v1,7.323,5.973
278274:5169,08/05/16 17:55:42,84,HLT_Mu12_TrkIsoVVL_Ele23_CaloIdL_TrackIdL_IsoVL_v1,19.707,18.367
278288:5170,08/05/16 21:11:12,15,HLT_Mu12_TrkIsoVVL_Ele23_CaloIdL_TrackIdL_IsoVL_v1,3.804,2.925
278289:5170,08/05/16 21:18:02,51,HLT_Mu12_TrkIsoVVL_Ele23_CaloIdL_TrackIdL_IsoVL_v1,11.428,9.634
278290:5170,08/05/16 21:42:34,11,HLT_Mu12_TrkIsoVVL_Ele23_CaloIdL_TrackIdL_IsoVL_v1,2.663,2.467
278308:5173,08/06/16 13:00:39,1740,HLT_Mu12_TrkIsoVVL_Ele23_CaloIdL_TrackIdL_IsoVL_v1,336.199,320.155
278310:5173,08/07/16 00:47:36,708,HLT_Mu12_TrkIsoVVL_Ele23_CaloIdL_TrackIdL_IsoVL_v1,93.872,90.876
278315:5179,08/07/16 10:56:52,693,HLT_Mu12_TrkIsoVVL_Ele23_CaloIdL_TrackIdL_IsoVL_v1,152.675,140.247
278345:5181,08/08/16 00:13:39,746,HLT_Mu12_TrkIsoVVL_Ele23_CaloIdL_TrackIdL_IsoVL_v1,166.625,153.133
278346:5181,08/08/16 05:08:15,117,HLT_Mu12_TrkIsoVVL_Ele23_CaloIdL_TrackIdL_IsoVL_v1,22.700,21.608
278349:5181,08/08/16 06:27:06,613,HLT_Mu12_TrkIsoVVL_Ele23_CaloIdL_TrackIdL_IsoVL_v1,101.605,97.121
278366:5181,08/08/16 10:36:47,453,HLT_Mu12_TrkIsoVVL_Ele23_CaloIdL_TrackIdL_IsoVL_v1,63.269,61.039
278406:5183,08/08/16 17:15:50,1597,HLT_Mu12_TrkIsoVVL_Ele23_CaloIdL_TrackIdL_IsoVL_v1,319.947,303.620
278509:5187,08/09/16 18:29:15,1467,HLT_Mu12_TrkIsoVVL_Ele23_CaloIdL_TrackIdL_IsoVL_v1,301.129,279.389
278769:5197,08/13/16 06:38:56,30,HLT_Mu12_TrkIsoVVL_Ele23_CaloIdL_TrackIdL_IsoVL_v1,7.931,7.329
278770:5197,08/13/16 06:54:00,767,HLT_Mu12_TrkIsoVVL_Ele23_CaloIdL_TrackIdL_IsoVL_v1,174.284,166.984
278801:5198,08/13/16 14:43:37,38,HLT_Mu12_TrkIsoVVL_Ele23_CaloIdL_TrackIdL_IsoVL_v1,10.292,7.936
278802:5198,08/13/16 15:01:05,17,HLT_Mu12_TrkIsoVVL_Ele23_CaloIdL_TrackIdL_IsoVL_v1,4.105,1.739
278803:5198,08/13/16 15:10:53,318,HLT_Mu12_TrkIsoVVL_Ele23_CaloIdL_TrackIdL_IsoVL_v1,78.695,72.759
278804:5198,08/13/16 17:20:06,4,HLT_Mu12_TrkIsoVVL_Ele23_CaloIdL_TrackIdL_IsoVL_v1,0.929,0.762
278805:5198,08/13/16 17:23:57,274,HLT_Mu12_TrkIsoVVL_Ele23_CaloIdL_TrackIdL_IsoVL_v1,60.301,56.548
278808:5198,08/13/16 19:25:19,1791,HLT_Mu12_TrkIsoVVL_Ele23_CaloIdL_TrackIdL_IsoVL_v1,287.054,276.362
278820:5199,08/14/16 11:00:51,1517,HLT_Mu12_TrkIsoVVL_Ele23_CaloIdL_TrackIdL_IsoVL_v1,304.872,292.856
278822:5199,08/14/16 21:52:47,1627,HLT_Mu12_TrkIsoVVL_Ele23_CaloIdL_TrackIdL_IsoVL_v1,202.893,196.568
278873:5205,08/15/16 23:25:45,60,HLT_Mu12_TrkIsoVVL_Ele23_CaloIdL_TrackIdL_IsoVL_v1,11.489,2.058
278874:5205,08/15/16 23:51:53,477,HLT_Mu12_TrkIsoVVL_Ele23_CaloIdL_TrackIdL_IsoVL_v1,88.698,83.419
278875:5205,08/16/16 03:01:20,833,HLT_Mu12_TrkIsoVVL_Ele23_CaloIdL_TrackIdL_IsoVL_v1,123.041,117.573
278923:5206,08/16/16 12:16:32,413,HLT_Mu12_TrkIsoVVL_Ele23_CaloIdL_TrackIdL_IsoVL_v1,104.613,100.175
278957:5209,08/16/16 21:31:36,149,HLT_Mu12_TrkIsoVVL_Ele23_CaloIdL_TrackIdL_IsoVL_v1,38.331,36.745
278962:5210,08/17/16 01:08:31,341,HLT_Mu12_TrkIsoVVL_Ele23_CaloIdL_TrackIdL_IsoVL_v1,83.145,77.293
278963:5210,08/17/16 03:24:57,174,HLT_Mu12_TrkIsoVVL_Ele23_CaloIdL_TrackIdL_IsoVL_v1,39.264,37.745
278969:5211,08/17/16 07:16:52,1386,HLT_Mu12_TrkIsoVVL_Ele23_CaloIdL_TrackIdL_IsoVL_v1,300.996,287.917
278975:5211,08/17/16 16:23:16,848,HLT_Mu12_TrkIsoVVL_Ele23_CaloIdL_TrackIdL_IsoVL_v1,129.009,123.191
278976:5211,08/17/16 21:58:16,20,HLT_Mu12_TrkIsoVVL_Ele23_CaloIdL_TrackIdL_IsoVL_v1,2.729,2.627
278986:5213,08/18/16 04:02:59,129,HLT_Mu12_TrkIsoVVL_Ele23_CaloIdL_TrackIdL_IsoVL_v1,34.228,32.092
279024:5219,08/18/16 22:31:53,301,HLT_Mu12_TrkIsoVVL_Ele23_CaloIdL_TrackIdL_IsoVL_v1,53.413,50.732
279029:5219,08/19/16 02:19:40,260,HLT_Mu12_TrkIsoVVL_Ele23_CaloIdL_TrackIdL_IsoVL_v1,41.058,39.029
279071:5222,08/19/16 15:40:07,174,HLT_Mu12_TrkIsoVVL_Ele23_CaloIdL_TrackIdL_IsoVL_v1,24.128,23.198
279080:5223,08/19/16 22:42:50,157,HLT_Mu12_TrkIsoVVL_Ele23_CaloIdL_TrackIdL_IsoVL_v1,13.641,13.167
279115:5229,08/20/16 22:08:09,407,HLT_Mu12_TrkIsoVVL_Ele23_CaloIdL_TrackIdL_IsoVL_v1,89.285,85.924
279116:5229,08/21/16 01:36:03,448,HLT_Mu12_TrkIsoVVL_Ele23_CaloIdL_TrackIdL_IsoVL_v1,96.330,92.434
279479:5247,08/25/16 04:33:24,105,HLT_Mu12_TrkIsoVVL_Ele23_CaloIdL_TrackIdL_IsoVL_v1,6.411,6.066
279588:5251,08/25/16 21:08:11,1160,HLT_Mu12_TrkIsoVVL_Ele23_CaloIdL_TrackIdL_IsoVL_v1,241.675,233.156
279653:5253,08/26/16 14:05:52,181,HLT_Mu12_TrkIsoVVL_Ele23_CaloIdL_TrackIdL_IsoVL_v1,45.810,44.147
279654:5253,08/26/16 15:21:58,1245,HLT_Mu12_TrkIsoVVL_Ele23_CaloIdL_TrackIdL_IsoVL_v1,253.666,245.477
279656:5253,08/26/16 23:49:40,43,HLT_Mu12_TrkIsoVVL_Ele23_CaloIdL_TrackIdL_IsoVL_v1,6.900,5.825
279658:5253,08/27/16 01:35:19,712,HLT_Mu12_TrkIsoVVL_Ele23_CaloIdL_TrackIdL_IsoVL_v1,97.710,95.006
279667:5254,08/27/16 09:08:23,966,HLT_Mu12_TrkIsoVVL_Ele23_CaloIdL_TrackIdL_IsoVL_v1,217.998,210.827
279681:5256,08/27/16 21:57:02,28,HLT_Mu12_TrkIsoVVL_Ele23_CaloIdL_TrackIdL_IsoVL_v1,7.306,6.716
279682:5256,08/27/16 22:11:02,33,HLT_Mu12_TrkIsoVVL_Ele23_CaloIdL_TrackIdL_IsoVL_v1,8.662,7.833
279683:5256,08/27/16 22:32:16,26,HLT_Mu12_TrkIsoVVL_Ele23_CaloIdL_TrackIdL_IsoVL_v1,6.753,6.411
279684:5256,08/27/16 22:46:58,22,HLT_Mu12_TrkIsoVVL_Ele23_CaloIdL_TrackIdL_IsoVL_v1,5.593,5.345
279685:5256,08/27/16 23:07:12,208,HLT_Mu12_TrkIsoVVL_Ele23_CaloIdL_TrackIdL_IsoVL_v1,50.467,48.848
279691:5257,08/28/16 03:41:26,43,HLT_Mu12_TrkIsoVVL_Ele23_CaloIdL_TrackIdL_IsoVL_v1,10.322,9.728
279694:5257,08/28/16 04:03:09,2235,HLT_Mu12_TrkIsoVVL_Ele23_CaloIdL_TrackIdL_IsoVL_v1,418.135,406.150
279715:5258,08/28/16 22:01:34,577,HLT_Mu12_TrkIsoVVL_Ele23_CaloIdL_TrackIdL_IsoVL_v1,135.677,130.204
279716:5258,08/29/16 02:17:06,1638,HLT_Mu12_TrkIsoVVL_Ele23_CaloIdL_TrackIdL_IsoVL_v1,269.173,262.229
279760:5261,08/29/16 20:21:24,655,HLT_Mu12_TrkIsoVVL_Ele23_CaloIdL_TrackIdL_IsoVL_v1,161.478,156.255
279766:5261,08/30/16 01:08:36,1689,HLT_Mu12_TrkIsoVVL_Ele23_CaloIdL_TrackIdL_IsoVL_v1,282.978,274.841
279767:5261,08/30/16 12:08:03,776,HLT_Mu12_TrkIsoVVL_Ele23_CaloIdL_TrackIdL_IsoVL_v1,94.447,92.355
279794:5264,08/30/16 23:41:02,1024,HLT_Mu12_TrkIsoVVL_Ele23_CaloIdL_TrackIdL_IsoVL_v1,234.466,227.434
279823:5265,08/31/16 10:00:39,335,HLT_Mu12_TrkIsoVVL_Ele23_CaloIdL_TrackIdL_IsoVL_v1,85.837,83.242
279841:5266,08/31/16 15:23:17,2040,HLT_Mu12_TrkIsoVVL_Ele23_CaloIdL_TrackIdL_IsoVL_v1,390.773,378.513
279844:5267,09/01/16 07:21:16,224,HLT_Mu12_TrkIsoVVL_Ele23_CaloIdL_TrackIdL_IsoVL_v1,60.182,57.514
279887:5270,09/01/16 23:20:52,316,HLT_Mu12_TrkIsoVVL_Ele23_CaloIdL_TrackIdL_IsoVL_v1,77.913,74.727
279931:5274,09/02/16 11:37:39,2934,HLT_Mu12_TrkIsoVVL_Ele23_CaloIdL_TrackIdL_IsoVL_v1,502.189,487.164
279966:5275,09/03/16 09:20:25,363,HLT_Mu12_TrkIsoVVL_Ele23_CaloIdL_TrackIdL_IsoVL_v1,98.669,94.646
279975:5276,09/03/16 14:45:09,1024,HLT_Mu12_TrkIsoVVL_Ele23_CaloIdL_TrackIdL_IsoVL_v1,252.850,243.664
279993:5277,09/04/16 00:23:27,72,HLT_Mu12_TrkIsoVVL_Ele23_CaloIdL_TrackIdL_IsoVL_v1,19.585,18.378
279994:5277,09/04/16 00:56:48,47,HLT_Mu12_TrkIsoVVL_Ele23_CaloIdL_TrackIdL_IsoVL_v1,13.340,12.589
280013:5277,09/04/16 03:35:47,25,HLT_Mu12_TrkIsoVVL_Ele23_CaloIdL_TrackIdL_IsoVL_v1,5.988,5.751
280015:5277,09/04/16 03:55:19,572,HLT_Mu12_TrkIsoVVL_Ele23_CaloIdL_TrackIdL_IsoVL_v1,122.374,117.766
280016:5277,09/04/16 07:42:16,149,HLT_Mu12_TrkIsoVVL_Ele23_CaloIdL_TrackIdL_IsoVL_v1,28.222,27.220
280017:5277,09/04/16 08:45:47,608,HLT_Mu12_TrkIsoVVL_Ele23_CaloIdL_TrackIdL_IsoVL_v1,103.496,100.514
280018:5277,09/04/16 12:47:05,1281,HLT_Mu12_TrkIsoVVL_Ele23_CaloIdL_TrackIdL_IsoVL_v1,168.200,163.801
280020:5277,09/04/16 21:15:15,45,HLT_Mu12_TrkIsoVVL_Ele23_CaloIdL_TrackIdL_IsoVL_v1,4.939,4.761
280024:5277,09/04/16 21:47:39,427,HLT_Mu12_TrkIsoVVL_Ele23_CaloIdL_TrackIdL_IsoVL_v1,44.000,43.199
280187:5279,09/05/16 20:24:23,57,HLT_Mu12_TrkIsoVVL_Ele23_CaloIdL_TrackIdL_IsoVL_v1,14.903,13.454
280188:5279,09/05/16 20:50:25,245,HLT_Mu12_TrkIsoVVL_Ele23_CaloIdL_TrackIdL_IsoVL_v1,65.352,62.683
280191:5279,09/05/16 22:40:17,897,HLT_Mu12_TrkIsoVVL_Ele23_CaloIdL_TrackIdL_IsoVL_v1,189.831,183.010
280194:5279,09/06/16 06:00:49,238,HLT_Mu12_TrkIsoVVL_Ele23_CaloIdL_TrackIdL_IsoVL_v1,37.356,36.244
280242:5282,09/06/16 15:43:40,625,HLT_Mu12_TrkIsoVVL_Ele23_CaloIdL_TrackIdL_IsoVL_v1,156.851,150.585
280249:5282,09/06/16 19:52:07,1432,HLT_Mu12_TrkIsoVVL_Ele23_CaloIdL_TrackIdL_IsoVL_v1,253.448,245.267
280251:5282,09/07/16 05:14:58,371,HLT_Mu12_TrkIsoVVL_Ele23_CaloIdL_TrackIdL_IsoVL_v1,49.876,48.585
280327:5287,09/08/16 08:23:13,37,HLT_Mu12_TrkIsoVVL_Ele23_CaloIdL_TrackIdL_IsoVL_v1,9.724,8.880
280330:5287,09/08/16 08:46:53,857,HLT_Mu12_TrkIsoVVL_Ele23_CaloIdL_TrackIdL_IsoVL_v1,197.041,189.771
280349:5287,09/08/16 14:27:22,620,HLT_Mu12_TrkIsoVVL_Ele23_CaloIdL_TrackIdL_IsoVL_v1,110.288,106.679
280363:5287,09/08/16 18:47:24,359,HLT_Mu12_TrkIsoVVL_Ele23_CaloIdL_TrackIdL_IsoVL_v1,53.214,51.471
280364:5287,09/08/16 21:09:57,1349,HLT_Mu12_TrkIsoVVL_Ele23_CaloIdL_TrackIdL_IsoVL_v1,165.875,160.092
280383:5288,09/09/16 08:41:13,2,HLT_Mu12_TrkIsoVVL_Ele23_CaloIdL_TrackIdL_IsoVL_v1,0.554,0.252
280384:5288,09/09/16 08:49:12,33,HLT_Mu12_TrkIsoVVL_Ele23_CaloIdL_TrackIdL_IsoVL_v1,8.614,7.954
280385:5288,09/09/16 09:11:36,2012,HLT_Mu12_TrkIsoVVL_Ele23_CaloIdL_TrackIdL_IsoVL_v1,387.389,373.399
281613:5331,09/25/16 06:03:32,795,HLT_Mu12_TrkIsoVVL_Ele23_CaloIdL_TrackIdL_IsoVL_v3,10.593,8.998
281639:5338,09/26/16 07:45:13,132,HLT_Mu12_TrkIsoVVL_Ele23_CaloIdL_TrackIdL_IsoVL_v3,2.117,1.985
281641:5338,09/26/16 09:34:34,319,HLT_Mu12_TrkIsoVVL_Ele23_CaloIdL_TrackIdL_IsoVL_v3,5.608,5.370
281693:5339,09/26/16 16:57:00,2191,HLT_Mu12_TrkIsoVVL_Ele23_CaloIdL_TrackIdL_IsoVL_v3,59.081,57.153
281707:5340,09/27/16 09:47:29,950,HLT_Mu12_TrkIsoVVL_Ele23_CaloIdL_TrackIdL_IsoVL_v3,25.026,24.002
281726:5340,09/27/16 16:14:38,288,HLT_Mu12_TrkIsoVVL_Ele23_CaloIdL_TrackIdL_IsoVL_v3,7.486,7.232
281727:5340,09/27/16 18:10:03,1605,HLT_Mu12_TrkIsoVVL_Ele23_CaloIdL_TrackIdL_IsoVL_v3,45.312,43.973
281797:5345,09/28/16 12:04:48,2052,HLT_Mu12_TrkIsoVVL_Ele23_CaloIdL_TrackIdL_IsoVL_v3,51.861,50.044
281975:5351,09/30/16 03:23:12,215,HLT_Mu12_TrkIsoVVL_Ele23_CaloIdL_TrackIdL_IsoVL_v3,5.444,5.009
281976:5351,09/30/16 04:48:03,2166,HLT_Mu12_TrkIsoVVL_Ele23_CaloIdL_TrackIdL_IsoVL_v3,62.270,59.917
282033:5352,09/30/16 21:30:43,36,HLT_Mu12_TrkIsoVVL_Ele23_CaloIdL_TrackIdL_IsoVL_v3,0.837,0.770
282034:5352,09/30/16 21:48:05,33,HLT_Mu12_TrkIsoVVL_Ele23_CaloIdL_TrackIdL_IsoVL_v3,0.950,0.878
282035:5352,09/30/16 22:03:01,40,HLT_Mu12_TrkIsoVVL_Ele23_CaloIdL_TrackIdL_IsoVL_v3,1.229,1.049
282037:5352,09/30/16 22:24:14,1861,HLT_Mu12_TrkIsoVVL_Ele23_CaloIdL_TrackIdL_IsoVL_v3,51.615,49.589
282092:5355,10/02/16 13:49:37,1784,HLT_Mu12_TrkIsoVVL_Ele23_CaloIdL_TrackIdL_IsoVL_v3,48.613,47.117
282708:5391,10/09/16 08:39:30,8,HLT_Mu12_TrkIsoVVL_Ele23_CaloIdL_TrackIdL_IsoVL_v3,0.231,0.196
282710:5391,10/09/16 08:49:08,3,HLT_Mu12_TrkIsoVVL_Ele23_CaloIdL_TrackIdL_IsoVL_v3,0.891,0.352
282712:5391,10/09/16 09:00:13,60,HLT_Mu12_TrkIsoVVL_Ele23_CaloIdL_TrackIdL_IsoVL_v3,1.619,1.542
282730:5393,10/09/16 12:41:53,76,HLT_Mu12_TrkIsoVVL_Ele23_CaloIdL_TrackIdL_IsoVL_v3,1.918,1.749
282731:5393,10/09/16 13:13:59,172,HLT_Mu12_TrkIsoVVL_Ele23_CaloIdL_TrackIdL_IsoVL_v3,4.647,4.388
282732:5393,10/09/16 14:23:16,69,HLT_Mu12_TrkIsoVVL_Ele23_CaloIdL_TrackIdL_IsoVL_v3,1.741,1.673
282733:5393,10/09/16 14:52:26,177,HLT_Mu12_TrkIsoVVL_Ele23_CaloIdL_TrackIdL_IsoVL_v3,4.521,4.346
282734:5393,10/09/16 16:03:11,327,HLT_Mu12_TrkIsoVVL_Ele23_CaloIdL_TrackIdL_IsoVL_v3,8.666,8.351
282735:5393,10/09/16 18:12:39,1819,HLT_Mu12_TrkIsoVVL_Ele23_CaloIdL_TrackIdL_IsoVL_v3,49.906,48.494
282800:5394,10/10/16 14:17:15,377,HLT_Mu12_TrkIsoVVL_Ele23_CaloIdL_TrackIdL_IsoVL_v3,9.723,9.351
282807:5394,10/10/16 16:48:03,326,HLT_Mu12_TrkIsoVVL_Ele23_CaloIdL_TrackIdL_IsoVL_v3,8.617,8.146
282814:5394,10/10/16 18:58:58,1843,HLT_Mu12_TrkIsoVVL_Ele23_CaloIdL_TrackIdL_IsoVL_v3,51.394,49.849
282842:5395,10/11/16 10:34:00,80,HLT_Mu12_TrkIsoVVL_Ele23_CaloIdL_TrackIdL_IsoVL_v3,2.147,2.059
282917:5401,10/12/16 01:27:07,74,HLT_Mu12_TrkIsoVVL_Ele23_CaloIdL_TrackIdL_IsoVL_v3,1.750,1.664
282918:5401,10/12/16 02:00:22,51,HLT_Mu12_TrkIsoVVL_Ele23_CaloIdL_TrackIdL_IsoVL_v3,1.337,1.281
282919:5401,10/12/16 02:23:36,243,HLT_Mu12_TrkIsoVVL_Ele23_CaloIdL_TrackIdL_IsoVL_v3,6.350,6.122
282922:5401,10/12/16 05:09:33,131,HLT_Mu12_TrkIsoVVL_Ele23_CaloIdL_TrackIdL_IsoVL_v3,3.535,3.296
282923:5401,10/12/16 06:04:20,219,HLT_Mu12_TrkIsoVVL_Ele23_CaloIdL_TrackIdL_IsoVL_v3,6.221,5.926
283042:5405,10/12/16 22:38:59,6,HLT_Mu12_TrkIsoVVL_Ele23_CaloIdL_TrackIdL_IsoVL_v3,1.632,1.446
283043:5405,10/12/16 22:44:16,517,HLT_Mu12_TrkIsoVVL_Ele23_CaloIdL_TrackIdL_IsoVL_v3,13.412,12.841
283049:5406,10/13/16 05:05:17,12,HLT_Mu12_TrkIsoVVL_Ele23_CaloIdL_TrackIdL_IsoVL_v3,0.331,0.268
283050:5406,10/13/16 05:13:23,212,HLT_Mu12_TrkIsoVVL_Ele23_CaloIdL_TrackIdL_IsoVL_v3,5.591,5.221
283052:5406,10/13/16 06:45:19,111,HLT_Mu12_TrkIsoVVL_Ele23_CaloIdL_TrackIdL_IsoVL_v3,2.815,2.681
283059:5406,10/13/16 08:00:56,450,HLT_Mu12_TrkIsoVVL_Ele23_CaloIdL_TrackIdL_IsoVL_v3,11.977,11.485
283270:5416,10/14/16 18:39:48,1833,HLT_Mu12_TrkIsoVVL_Ele23_CaloIdL_TrackIdL_IsoVL_v3,46.799,45.258
283283:5416,10/15/16 06:37:08,1744,HLT_Mu12_TrkIsoVVL_Ele23_CaloIdL_TrackIdL_IsoVL_v3,55.710,54.369
283305:5418,10/15/16 21:41:13,7,HLT_Mu12_TrkIsoVVL_Ele23_CaloIdL_TrackIdL_IsoVL_v3,0.198,0.128
283306:5418,10/15/16 21:46:57,289,HLT_Mu12_TrkIsoVVL_Ele23_CaloIdL_TrackIdL_IsoVL_v3,7.450,7.135
283307:5418,10/15/16 23:43:44,454,HLT_Mu12_TrkIsoVVL_Ele23_CaloIdL_TrackIdL_IsoVL_v3,11.945,11.431
283308:5418,10/16/16 02:46:26,945,HLT_Mu12_TrkIsoVVL_Ele23_CaloIdL_TrackIdL_IsoVL_v3,24.068,23.167
283353:5421,10/16/16 19:55:17,743,HLT_Mu12_TrkIsoVVL_Ele23_CaloIdL_TrackIdL_IsoVL_v3,19.222,18.557
283358:5421,10/17/16 00:50:19,980,HLT_Mu12_TrkIsoVVL_Ele23_CaloIdL_TrackIdL_IsoVL_v3,25.572,24.270
283359:5421,10/17/16 07:15:19,428,HLT_Mu12_TrkIsoVVL_Ele23_CaloIdL_TrackIdL_IsoVL_v3,10.016,9.775
283407:5423,10/17/16 21:54:07,33,HLT_Mu12_TrkIsoVVL_Ele23_CaloIdL_TrackIdL_IsoVL_v3,0.881,0.785
283408:5423,10/17/16 22:10:43,2344,HLT_Mu12_TrkIsoVVL_Ele23_CaloIdL_TrackIdL_IsoVL_v3,60.927,58.748
283416:5423,10/18/16 15:16:09,195,HLT_Mu12_TrkIsoVVL_Ele23_CaloIdL_TrackIdL_IsoVL_v3,5.734,5.576
283453:5424,10/18/16 19:07:49,455,HLT_Mu12_TrkIsoVVL_Ele23_CaloIdL_TrackIdL_IsoVL_v3,12.009,11.511
283469:5426,10/19/16 01:09:36,1,HLT_Mu12_TrkIsoVVL_Ele23_CaloIdL_TrackIdL_IsoVL_v3,0.031,0.003
283478:5427,10/19/16 04:13:19,874,HLT_Mu12_TrkIsoVVL_Ele23_CaloIdL_TrackIdL_IsoVL_v3,22.755,21.910
283548:5433,10/19/16 22:58:39,144,HLT_Mu12_TrkIsoVVL_Ele23_CaloIdL_TrackIdL_IsoVL_v3,3.802,3.676
283680:5437,10/21/16 03:17:51,81,HLT_Mu12_TrkIsoVVL_Ele23_CaloIdL_TrackIdL_IsoVL_v3,1.964,1.887
283681:5437,10/21/16 03:56:07,17,HLT_Mu12_TrkIsoVVL_Ele23_CaloIdL_TrackIdL_IsoVL_v3,0.431,0.409
283682:5437,10/21/16 04:08:38,384,HLT_Mu12_TrkIsoVVL_Ele23_CaloIdL_TrackIdL_IsoVL_v3,10.146,9.834
283685:5437,10/21/16 06:39:38,314,HLT_Mu12_TrkIsoVVL_Ele23_CaloIdL_TrackIdL_IsoVL_v3,6.212,5.507
283820:5439,10/21/16 20:48:18,1482,HLT_Mu12_TrkIsoVVL_Ele23_CaloIdL_TrackIdL_IsoVL_v3,39.253,37.975
283830:5439,10/22/16 06:27:24,722,HLT_Mu12_TrkIsoVVL_Ele23_CaloIdL_TrackIdL_IsoVL_v3,20.029,19.455
283834:5439,10/22/16 11:11:28,81,HLT_Mu12_TrkIsoVVL_Ele23_CaloIdL_TrackIdL_IsoVL_v3,2.643,2.322
283835:5439,10/22/16 11:45:28,111,HLT_Mu12_TrkIsoVVL_Ele23_CaloIdL_TrackIdL_IsoVL_v3,3.346,2.916
283865:5441,10/22/16 17:30:09,1177,HLT_Mu12_TrkIsoVVL_Ele23_CaloIdL_TrackIdL_IsoVL_v3,30.878,29.862
283876:5442,10/23/16 03:38:50,657,HLT_Mu12_TrkIsoVVL_Ele23_CaloIdL_TrackIdL_IsoVL_v3,16.937,16.309
283877:5442,10/23/16 07:59:53,1496,HLT_Mu12_TrkIsoVVL_Ele23_CaloIdL_TrackIdL_IsoVL_v3,38.208,37.007
283884:5443,10/23/16 23:44:05,404,HLT_Mu12_TrkIsoVVL_Ele23_CaloIdL_TrackIdL_IsoVL_v3,10.204,9.754
283885:5443,10/24/16 02:25:30,1723,HLT_Mu12_TrkIsoVVL_Ele23_CaloIdL_TrackIdL_IsoVL_v3,44.653,43.390
283933:5446,10/24/16 18:32:31,145,HLT_Mu12_TrkIsoVVL_Ele23_CaloIdL_TrackIdL_IsoVL_v3,3.823,3.647
283934:5446,10/24/16 19:33:15,1258,HLT_Mu12_TrkIsoVVL_Ele23_CaloIdL_TrackIdL_IsoVL_v3,32.817,31.601
283946:5448,10/25/16 07:30:41,1377,HLT_Mu12_TrkIsoVVL_Ele23_CaloIdL_TrackIdL_IsoVL_v3,36.035,34.644
283964:5448,10/25/16 16:29:30,388,HLT_Mu12_TrkIsoVVL_Ele23_CaloIdL_TrackIdL_IsoVL_v3,8.874,8.602
284006:5450,10/26/16 01:53:26,318,HLT_Mu12_TrkIsoVVL_Ele23_CaloIdL_TrackIdL_IsoVL_v3,8.391,8.118
284014:5450,10/26/16 03:59:16,266,HLT_Mu12_TrkIsoVVL_Ele23_CaloIdL_TrackIdL_IsoVL_v3,7.197,7.007
284025:5451,10/26/16 08:56:43,48,HLT_Mu12_TrkIsoVVL_Ele23_CaloIdL_TrackIdL_IsoVL_v3,1.000,0.966
284029:5451,10/26/16 09:19:00,112,HLT_Mu12_TrkIsoVVL_Ele23_CaloIdL_TrackIdL_IsoVL_v3,2.939,2.769
284035:5451,10/26/16 10:04:52,360,HLT_Mu12_TrkIsoVVL_Ele23_CaloIdL_TrackIdL_IsoVL_v3,9.283,8.975
284036:5451,10/26/16 12:28:09,346,HLT_Mu12_TrkIsoVVL_Ele23_CaloIdL_TrackIdL_IsoVL_v3,9.118,8.736
284037:5451,10/26/16 14:48:03,340,HLT_Mu12_TrkIsoVVL_Ele23_CaloIdL_TrackIdL_IsoVL_v3,9.404,9.115
284038:5451,10/26/16 17:02:16,55,HLT_Mu12_TrkIsoVVL_Ele23_CaloIdL_TrackIdL_IsoVL_v3,1.423,1.335
284039:5451,10/26/16 17:27:02,30,HLT_Mu12_TrkIsoVVL_Ele23_CaloIdL_TrackIdL_IsoVL_v3,0.762,0.703
284040:5451,10/26/16 17:42:18,33,HLT_Mu12_TrkIsoVVL_Ele23_CaloIdL_TrackIdL_IsoVL_v3,0.829,0.799
284041:5451,10/26/16 17:59:11,44,HLT_Mu12_TrkIsoVVL_Ele23_CaloIdL_TrackIdL_IsoVL_v3,1.060,1.000
284042:5451,10/26/16 18:23:53,129,HLT_Mu12_TrkIsoVVL_Ele23_CaloIdL_TrackIdL_IsoVL_v3,3.023,2.892
284043:5451,10/26/16 19:17:23,220,HLT_Mu12_TrkIsoVVL_Ele23_CaloIdL_TrackIdL_IsoVL_v3,4.767,4.659
284044:5451,10/26/16 20:46:05,30,HLT_Mu12_TrkIsoVVL_Ele23_CaloIdL_TrackIdL_IsoVL_v3,0.643,0.630
278273:5169,08/05/16 17:37:20,36,HLT_Mu8_TrkIsoVVL_Ele23_CaloIdL_TrackIdL_IsoVL_DZ_v1,7.323,5.973
278274:5169,08/05/16 17:55:42,84,HLT_Mu8_TrkIsoVVL_Ele23_CaloIdL_TrackIdL_IsoVL_DZ_v1,19.707,18.367
278288:5170,08/05/16 21:11:12,15,HLT_Mu8_TrkIsoVVL_Ele23_CaloIdL_TrackIdL_IsoVL_DZ_v1,3.804,2.925
278289:5170,08/05/16 21:18:02,51,HLT_Mu8_TrkIsoVVL_Ele23_CaloIdL_TrackIdL_IsoVL_DZ_v1,11.428,9.634
278290:5170,08/05/16 21:42:34,11,HLT_Mu8_TrkIsoVVL_Ele23_CaloIdL_TrackIdL_IsoVL_DZ_v1,2.663,2.467
278308:5173,08/06/16 13:00:39,1740,HLT_Mu8_TrkIsoVVL_Ele23_CaloIdL_TrackIdL_IsoVL_DZ_v1,336.199,320.155
278310:5173,08/07/16 00:47:36,708,HLT_Mu8_TrkIsoVVL_Ele23_CaloIdL_TrackIdL_IsoVL_DZ_v1,93.872,90.876
278315:5179,08/07/16 10:56:52,693,HLT_Mu8_TrkIsoVVL_Ele23_CaloIdL_TrackIdL_IsoVL_DZ_v1,152.675,140.247
278345:5181,08/08/16 00:13:39,746,HLT_Mu8_TrkIsoVVL_Ele23_CaloIdL_TrackIdL_IsoVL_DZ_v1,166.625,153.133
278346:5181,08/08/16 05:08:15,117,HLT_Mu8_TrkIsoVVL_Ele23_CaloIdL_TrackIdL_IsoVL_DZ_v1,22.700,21.608
278349:5181,08/08/16 06:27:06,613,HLT_Mu8_TrkIsoVVL_Ele23_CaloIdL_TrackIdL_IsoVL_DZ_v1,101.605,97.121
278366:5181,08/08/16 10:36:47,453,HLT_Mu8_TrkIsoVVL_Ele23_CaloIdL_TrackIdL_IsoVL_DZ_v1,63.269,61.039
278406:5183,08/08/16 17:15:50,1597,HLT_Mu8_TrkIsoVVL_Ele23_CaloIdL_TrackIdL_IsoVL_DZ_v1,319.947,303.620
278509:5187,08/09/16 18:29:15,1467,HLT_Mu8_TrkIsoVVL_Ele23_CaloIdL_TrackIdL_IsoVL_DZ_v1,301.129,279.389
278769:5197,08/13/16 06:38:56,30,HLT_Mu8_TrkIsoVVL_Ele23_CaloIdL_TrackIdL_IsoVL_DZ_v1,7.931,7.329
278770:5197,08/13/16 06:54:00,767,HLT_Mu8_TrkIsoVVL_Ele23_CaloIdL_TrackIdL_IsoVL_DZ_v1,174.284,166.984
278801:5198,08/13/16 14:43:37,38,HLT_Mu8_TrkIsoVVL_Ele23_CaloIdL_TrackIdL_IsoVL_DZ_v1,10.292,7.936
278802:5198,08/13/16 15:01:05,17,HLT_Mu8_TrkIsoVVL_Ele23_CaloIdL_TrackIdL_IsoVL_DZ_v1,4.105,1.739
278803:5198,08/13/16 15:10:53,318,HLT_Mu8_TrkIsoVVL_Ele23_CaloIdL_TrackIdL_IsoVL_DZ_v1,78.695,72.759
278804:5198,08/13/16 17:20:06,4,HLT_Mu8_TrkIsoVVL_Ele23_CaloIdL_TrackIdL_IsoVL_DZ_v1,0.929,0.762
278805:5198,08/13/16 17:23:57,274,HLT_Mu8_TrkIsoVVL_Ele23_CaloIdL_TrackIdL_IsoVL_DZ_v1,60.301,56.548
278808:5198,08/13/16 19:25:19,1791,HLT_Mu8_TrkIsoVVL_Ele23_CaloIdL_TrackIdL_IsoVL_DZ_v1,287.054,276.362
278820:5199,08/14/16 11:00:51,1517,HLT_Mu8_TrkIsoVVL_Ele23_CaloIdL_TrackIdL_IsoVL_DZ_v1,304.872,292.856
278822:5199,08/14/16 21:52:47,1627,HLT_Mu8_TrkIsoVVL_Ele23_CaloIdL_TrackIdL_IsoVL_DZ_v1,202.893,196.568
278873:5205,08/15/16 23:25:45,60,HLT_Mu8_TrkIsoVVL_Ele23_CaloIdL_TrackIdL_IsoVL_DZ_v1,11.489,2.058
278874:5205,08/15/16 23:51:53,477,HLT_Mu8_TrkIsoVVL_Ele23_CaloIdL_TrackIdL_IsoVL_DZ_v1,88.698,83.419
278875:5205,08/16/16 03:01:20,833,HLT_Mu8_TrkIsoVVL_Ele23_CaloIdL_TrackIdL_IsoVL_DZ_v1,123.041,117.573
278923:5206,08/16/16 12:16:32,413,HLT_Mu8_TrkIsoVVL_Ele23_CaloIdL_TrackIdL_IsoVL_DZ_v1,104.613,100.175
278957:5209,08/16/16 21:31:36,149,HLT_Mu8_TrkIsoVVL_Ele23_CaloIdL_TrackIdL_IsoVL_DZ_v1,38.331,36.745
278962:5210,08/17/16 01:08:31,341,HLT_Mu8_TrkIsoVVL_Ele23_CaloIdL_TrackIdL_IsoVL_DZ_v1,83.145,77.293
278963:5210,08/17/16 03:24:57,174,HLT_Mu8_TrkIsoVVL_Ele23_CaloIdL_TrackIdL_IsoVL_DZ_v1,39.264,37.745
278969:5211,08/17/16 07:16:52,1386,HLT_Mu8_TrkIsoVVL_Ele23_CaloIdL_TrackIdL_IsoVL_DZ_v1,300.996,287.917
278975:5211,08/17/16 16:23:16,848,HLT_Mu8_TrkIsoVVL_Ele23_CaloIdL_TrackIdL_IsoVL_DZ_v1,129.009,123.191
278976:5211,08/17/16 21:58:16,20,HLT_Mu8_TrkIsoVVL_Ele23_CaloIdL_TrackIdL_IsoVL_DZ_v1,2.729,2.627
278986:5213,08/18/16 04:02:59,129,HLT_Mu8_TrkIsoVVL_Ele23_CaloIdL_TrackIdL_IsoVL_DZ_v1,34.228,32.092
279024:5219,08/18/16 22:31:53,301,HLT_Mu8_TrkIsoVVL_Ele23_CaloIdL_TrackIdL_IsoVL_DZ_v1,53.413,50.732
279029:5219,08/19/16 02:19:40,260,HLT_Mu8_TrkIsoVVL_Ele23_CaloIdL_TrackIdL_IsoVL_DZ_v1,41.058,39.029
279071:5222,08/19/16 15:40:07,174,HLT_Mu8_TrkIsoVVL_Ele23_CaloIdL_TrackIdL_IsoVL_DZ_v1,24.128,23.198
279080:5223,08/19/16 22:42:50,157,HLT_Mu8_TrkIsoVVL_Ele23_CaloIdL_TrackIdL_IsoVL_DZ_v1,13.641,13.167
279115:5229,08/20/16 22:08:09,407,HLT_Mu8_TrkIsoVVL_Ele23_CaloIdL_TrackIdL_IsoVL_DZ_v1,89.285,85.924
279116:5229,08/21/16 01:36:03,448,HLT_Mu8_TrkIsoVVL_Ele23_CaloIdL_TrackIdL_IsoVL_DZ_v1,96.330,92.434
279479:5247,08/25/16 04:33:24,105,HLT_Mu8_TrkIsoVVL_Ele23_CaloIdL_TrackIdL_IsoVL_DZ_v1,6.411,6.066
279588:5251,08/25/16 21:08:11,1160,HLT_Mu8_TrkIsoVVL_Ele23_CaloIdL_TrackIdL_IsoVL_DZ_v1,241.675,233.156
279653:5253,08/26/16 14:05:52,181,HLT_Mu8_TrkIsoVVL_Ele23_CaloIdL_TrackIdL_IsoVL_DZ_v1,45.810,44.147
279654:5253,08/26/16 15:21:58,1245,HLT_Mu8_TrkIsoVVL_Ele23_CaloIdL_TrackIdL_IsoVL_DZ_v1,253.666,245.477
279656:5253,08/26/16 23:49:40,43,HLT_Mu8_TrkIsoVVL_Ele23_CaloIdL_TrackIdL_IsoVL_DZ_v1,6.900,5.825
279658:5253,08/27/16 01:35:19,712,HLT_Mu8_TrkIsoVVL_Ele23_CaloIdL_TrackIdL_IsoVL_DZ_v1,97.710,95.006
279667:5254,08/27/16 09:08:23,966,HLT_Mu8_TrkIsoVVL_Ele23_CaloIdL_TrackIdL_IsoVL_DZ_v1,217.998,210.827
279681:5256,08/27/16 21:57:02,28,HLT_Mu8_TrkIsoVVL_Ele23_CaloIdL_TrackIdL_IsoVL_DZ_v1,7.306,6.716
279682:5256,08/27/16 22:11:02,33,HLT_Mu8_TrkIsoVVL_Ele23_CaloIdL_TrackIdL_IsoVL_DZ_v1,8.662,7.833
279683:5256,08/27/16 22:32:16,26,HLT_Mu8_TrkIsoVVL_Ele23_CaloIdL_TrackIdL_IsoVL_DZ_v1,6.753,6.411
279684:5256,08/27/16 22:46:58,22,HLT_Mu8_TrkIsoVVL_Ele23_CaloIdL_TrackIdL_IsoVL_DZ_v1,5.593,5.345
279685:5256,08/27/16 23:07:12,208,HLT_Mu8_TrkIsoVVL_Ele23_CaloIdL_TrackIdL_IsoVL_DZ_v1,50.467,48.848
279691:5257,08/28/16 03:41:26,43,HLT_Mu8_TrkIsoVVL_Ele23_CaloIdL_TrackIdL_IsoVL_DZ_v1,10.322,9.728
279694:5257,08/28/16 04:03:09,2235,HLT_Mu8_TrkIsoVVL_Ele23_CaloIdL_TrackIdL_IsoVL_DZ_v1,418.135,406.150
279715:5258,08/28/16 22:01:34,577,HLT_Mu8_TrkIsoVVL_Ele23_CaloIdL_TrackIdL_IsoVL_DZ_v1,135.677,130.204
279716:5258,08/29/16 02:17:06,1638,HLT_Mu8_TrkIsoVVL_Ele23_CaloIdL_TrackIdL_IsoVL_DZ_v1,269.173,262.229
279760:5261,08/29/16 20:21:24,655,HLT_Mu8_TrkIsoVVL_Ele23_CaloIdL_TrackIdL_IsoVL_DZ_v1,161.478,156.255
279766:5261,08/30/16 01:08:36,1689,HLT_Mu8_TrkIsoVVL_Ele23_CaloIdL_TrackIdL_IsoVL_DZ_v1,282.978,274.841
279767:5261,08/30/16 12:08:03,776,HLT_Mu8_TrkIsoVVL_Ele23_CaloIdL_TrackIdL_IsoVL_DZ_v1,94.447,92.355
279794:5264,08/30/16 23:41:02,1024,HLT_Mu8_TrkIsoVVL_Ele23_CaloIdL_TrackIdL_IsoVL_DZ_v1,234.466,227.434
279823:5265,08/31/16 10:00:39,335,HLT_Mu8_TrkIsoVVL_Ele23_CaloIdL_TrackIdL_IsoVL_DZ_v1,85.837,83.242
279841:5266,08/31/16 15:23:17,2040,HLT_Mu8_TrkIsoVVL_Ele23_CaloIdL_TrackIdL_IsoVL_DZ_v1,390.773,378.513
279844:5267,09/01/16 07:21:16,224,HLT_Mu8_TrkIsoVVL_Ele23_CaloIdL_TrackIdL_IsoVL_DZ_v1,60.182,57.514
279887:5270,09/01/16 23:20:52,316,HLT_Mu8_TrkIsoVVL_Ele23_CaloIdL_TrackIdL_IsoVL_DZ_v1,77.913,74.727
279931:5274,09/02/16 11:37:39,2934,HLT_Mu8_TrkIsoVVL_Ele23_CaloIdL_TrackIdL_IsoVL_DZ_v1,502.189,487.164
279966:5275,09/03/16 09:20:25,363,HLT_Mu8_TrkIsoVVL_Ele23_CaloIdL_TrackIdL_IsoVL_DZ_v1,98.669,94.646
279975:5276,09/03/16 14:45:09,1024,HLT_Mu8_TrkIsoVVL_Ele23_CaloIdL_TrackIdL_IsoVL_DZ_v1,252.850,243.664
279993:5277,09/04/16 00:23:27,72,HLT_Mu8_TrkIsoVVL_Ele23_CaloIdL_TrackIdL_IsoVL_DZ_v1,19.585,18.378
279994:5277,09/04/16 00:56:48,47,HLT_Mu8_TrkIsoVVL_Ele23_CaloIdL_TrackIdL_IsoVL_DZ_v1,13.340,12.589
280013:5277,09/04/16 03:35:47,25,HLT_Mu8_TrkIsoVVL_Ele23_CaloIdL_TrackIdL_IsoVL_DZ_v1,5.988,5.751
280015:5277,09/04/16 03:55:19,572,HLT_Mu8_TrkIsoVVL_Ele23_CaloIdL_TrackIdL_IsoVL_DZ_v1,122.374,117.766
280016:5277,09/04/16 07:42:16,149,HLT_Mu8_TrkIsoVVL_Ele23_CaloIdL_TrackIdL_IsoVL_DZ_v1,28.222,27.220
280017:5277,09/04/16 08:45:47,608,HLT_Mu8_TrkIsoVVL_Ele23_CaloIdL_TrackIdL_IsoVL_DZ_v1,103.496,100.514
280018:5277,09/04/16 12:47:05,1281,HLT_Mu8_TrkIsoVVL_Ele23_CaloIdL_TrackIdL_IsoVL_DZ_v1,168.200,163.801
280020:5277,09/04/16 21:15:15,45,HLT_Mu8_TrkIsoVVL_Ele23_CaloIdL_TrackIdL_IsoVL_DZ_v1,4.939,4.761
280024:5277,09/04/16 21:47:39,427,HLT_Mu8_TrkIsoVVL_Ele23_CaloIdL_TrackIdL_IsoVL_DZ_v1,44.000,43.199
280187:5279,09/05/16 20:24:23,57,HLT_Mu8_TrkIsoVVL_Ele23_CaloIdL_TrackIdL_IsoVL_DZ_v1,14.903,13.454
280188:5279,09/05/16 20:50:25,245,HLT_Mu8_TrkIsoVVL_Ele23_CaloIdL_TrackIdL_IsoVL_DZ_v1,65.352,62.683
280191:5279,09/05/16 22:40:17,897,HLT_Mu8_TrkIsoVVL_Ele23_CaloIdL_TrackIdL_IsoVL_DZ_v1,189.831,183.010
280194:5279,09/06/16 06:00:49,238,HLT_Mu8_TrkIsoVVL_Ele23_CaloIdL_TrackIdL_IsoVL_DZ_v1,37.356,36.244
280242:5282,09/06/16 15:43:40,625,HLT_Mu8_TrkIsoVVL_Ele23_CaloIdL_TrackIdL_IsoVL_DZ_v1,156.851,150.585
280249:5282,09/06/16 19:52:07,1432,HLT_Mu8_TrkIsoVVL_Ele23_CaloIdL_TrackIdL_IsoVL_DZ_v1,253.448,245.267
280251:5282,09/07/16 05:14:58,371,HLT_Mu8_TrkIsoVVL_Ele23_CaloIdL_TrackIdL_IsoVL_DZ_v1,49.876,48.585
280327:5287,09/08/16 08:23:13,37,HLT_Mu8_TrkIsoVVL_Ele23_CaloIdL_TrackIdL_IsoVL_DZ_v1,9.724,8.880
280330:5287,09/08/16 08:46:53,857,HLT_Mu8_TrkIsoVVL_Ele23_CaloIdL_TrackIdL_IsoVL_DZ_v1,197.041,189.771
280349:5287,09/08/16 14:27:22,620,HLT_Mu8_TrkIsoVVL_Ele23_CaloIdL_TrackIdL_IsoVL_DZ_v1,110.288,106.679
280363:5287,09/08/16 18:47:24,359,HLT_Mu8_TrkIsoVVL_Ele23_CaloIdL_TrackIdL_IsoVL_DZ_v1,53.214,51.471
280364:5287,09/08/16 21:09:57,1349,HLT_Mu8_TrkIsoVVL_Ele23_CaloIdL_TrackIdL_IsoVL_DZ_v1,165.875,160.092
280383:5288,09/09/16 08:41:13,2,HLT_Mu8_TrkIsoVVL_Ele23_CaloIdL_TrackIdL_IsoVL_DZ_v1,0.554,0.252
280384:5288,09/09/16 08:49:12,33,HLT_Mu8_TrkIsoVVL_Ele23_CaloIdL_TrackIdL_IsoVL_DZ_v1,8.614,7.954
280385:5288,09/09/16 09:11:36,2012,HLT_Mu8_TrkIsoVVL_Ele23_CaloIdL_TrackIdL_IsoVL_DZ_v1,387.389,373.399
281613:5331,09/25/16 06:03:32,795,HLT_Mu8_TrkIsoVVL_Ele23_CaloIdL_TrackIdL_IsoVL_DZ_v4,11.728,10.052
281639:5338,09/26/16 07:45:13,132,HLT_Mu8_TrkIsoVVL_Ele23_CaloIdL_TrackIdL_IsoVL_DZ_v4,20.625,19.361
281641:5338,09/26/16 09:34:34,319,HLT_Mu8_TrkIsoVVL_Ele23_CaloIdL_TrackIdL_IsoVL_DZ_v4,41.973,40.201
281693:5339,09/26/16 16:57:00,2191,HLT_Mu8_TrkIsoVVL_Ele23_CaloIdL_TrackIdL_IsoVL_DZ_v4,398.688,385.578
281707:5340,09/27/16 09:47:29,950,HLT_Mu8_TrkIsoVVL_Ele23_CaloIdL_TrackIdL_IsoVL_DZ_v4,228.408,218.994
281726:5340,09/27/16 16:14:38,288,HLT_Mu8_TrkIsoVVL_Ele23_CaloIdL_TrackIdL_IsoVL_DZ_v4,52.403,50.626
281727:5340,09/27/16 18:10:03,1605,HLT_Mu8_TrkIsoVVL_Ele23_CaloIdL_TrackIdL_IsoVL_DZ_v4,214.040,207.989
281797:5345,09/28/16 12:04:48,2052,HLT_Mu8_TrkIsoVVL_Ele23_CaloIdL_TrackIdL_IsoVL_DZ_v4,422.136,406.997
281975:5351,09/30/16 03:23:12,215,HLT_Mu8_TrkIsoVVL_Ele23_CaloIdL_TrackIdL_IsoVL_DZ_v4,59.479,54.922
281976:5351,09/30/16 04:48:03,2166,HLT_Mu8_TrkIsoVVL_Ele23_CaloIdL_TrackIdL_IsoVL_DZ_v4,362.726,348.927
282033:5352,09/30/16 21:30:43,36,HLT_Mu8_TrkIsoVVL_Ele23_CaloIdL_TrackIdL_IsoVL_DZ_v4,9.115,8.406
282034:5352,09/30/16 21:48:05,33,HLT_Mu8_TrkIsoVVL_Ele23_CaloIdL_TrackIdL_IsoVL_DZ_v4,9.496,8.783
282035:5352,09/30/16 22:03:01,40,HLT_Mu8_TrkIsoVVL_Ele23_CaloIdL_TrackIdL_IsoVL_DZ_v4,11.135,9.578
282037:5352,09/30/16 22:24:14,1861,HLT_Mu8_TrkIsoVVL_Ele23_CaloIdL_TrackIdL_IsoVL_DZ_v4,353.895,339.569
282092:5355,10/02/16 13:49:37,1784,HLT_Mu8_TrkIsoVVL_Ele23_CaloIdL_TrackIdL_IsoVL_DZ_v4,314.544,304.390
282708:5391,10/09/16 08:39:30,8,HLT_Mu8_TrkIsoVVL_Ele23_CaloIdL_TrackIdL_IsoVL_DZ_v4,2.537,2.151
282710:5391,10/09/16 08:49:08,3,HLT_Mu8_TrkIsoVVL_Ele23_CaloIdL_TrackIdL_IsoVL_DZ_v4,0.891,0.352
282712:5391,10/09/16 09:00:13,60,HLT_Mu8_TrkIsoVVL_Ele23_CaloIdL_TrackIdL_IsoVL_DZ_v4,17.808,16.959
282730:5393,10/09/16 12:41:53,76,HLT_Mu8_TrkIsoVVL_Ele23_CaloIdL_TrackIdL_IsoVL_DZ_v4,22.626,20.702
282731:5393,10/09/16 13:13:59,172,HLT_Mu8_TrkIsoVVL_Ele23_CaloIdL_TrackIdL_IsoVL_DZ_v4,51.120,48.269
282732:5393,10/09/16 14:23:16,69,HLT_Mu8_TrkIsoVVL_Ele23_CaloIdL_TrackIdL_IsoVL_DZ_v4,19.153,18.400
282733:5393,10/09/16 14:52:26,177,HLT_Mu8_TrkIsoVVL_Ele23_CaloIdL_TrackIdL_IsoVL_DZ_v4,45.728,43.994
282734:5393,10/09/16 16:03:11,327,HLT_Mu8_TrkIsoVVL_Ele23_CaloIdL_TrackIdL_IsoVL_DZ_v4,74.727,72.010
282735:5393,10/09/16 18:12:39,1819,HLT_Mu8_TrkIsoVVL_Ele23_CaloIdL_TrackIdL_IsoVL_DZ_v4,284.972,276.957
282800:5394,10/10/16 14:17:15,377,HLT_Mu8_TrkIsoVVL_Ele23_CaloIdL_TrackIdL_IsoVL_DZ_v4,99.081,95.362
282807:5394,10/10/16 16:48:03,326,HLT_Mu8_TrkIsoVVL_Ele23_CaloIdL_TrackIdL_IsoVL_DZ_v4,76.092,72.103
282814:5394,10/10/16 18:58:58,1843,HLT_Mu8_TrkIsoVVL_Ele23_CaloIdL_TrackIdL_IsoVL_DZ_v4,292.785,283.805
282842:5395,10/11/16 10:34:00,80,HLT_Mu8_TrkIsoVVL_Ele23_CaloIdL_TrackIdL_IsoVL_DZ_v4,24.876,23.877
282917:5401,10/12/16 01:27:07,74,HLT_Mu8_TrkIsoVVL_Ele23_CaloIdL_TrackIdL_IsoVL_DZ_v4,19.253,18.304
282918:5401,10/12/16 02:00:22,51,HLT_Mu8_TrkIsoVVL_Ele23_CaloIdL_TrackIdL_IsoVL_DZ_v4,13.694,13.125
282919:5401,10/12/16 02:23:36,243,HLT_Mu8_TrkIsoVVL_Ele23_CaloIdL_TrackIdL_IsoVL_DZ_v4,60.584,58.416
282922:5401,10/12/16 05:09:33,131,HLT_Mu8_TrkIsoVVL_Ele23_CaloIdL_TrackIdL_IsoVL_DZ_v4,28.009,26.122
282923:5401,10/12/16 06:04:20,219,HLT_Mu8_TrkIsoVVL_Ele23_CaloIdL_TrackIdL_IsoVL_DZ_v4,43.547,41.479
283042:5405,10/12/16 22:38:59,6,HLT_Mu8_TrkIsoVVL_Ele23_CaloIdL_TrackIdL_IsoVL_DZ_v4,1.632,1.446
283043:5405,10/12/16 22:44:16,517,HLT_Mu8_TrkIsoVVL_Ele23_CaloIdL_TrackIdL_IsoVL_DZ_v4,124.514,119.190
283049:5406,10/13/16 05:05:17,12,HLT_Mu8_TrkIsoVVL_Ele23_CaloIdL_TrackIdL_IsoVL_DZ_v4,3.950,3.178
283050:5406,10/13/16 05:13:23,212,HLT_Mu8_TrkIsoVVL_Ele23_CaloIdL_TrackIdL_IsoVL_DZ_v4,63.056,58.893
283052:5406,10/13/16 06:45:19,111,HLT_Mu8_TrkIsoVVL_Ele23_CaloIdL_TrackIdL_IsoVL_DZ_v4,30.745,29.303
283059:5406,10/13/16 08:00:56,450,HLT_Mu8_TrkIsoVVL_Ele23_CaloIdL_TrackIdL_IsoVL_DZ_v4,105.239,100.946
283270:5416,10/14/16 18:39:48,1833,HLT_Mu8_TrkIsoVVL_Ele23_CaloIdL_TrackIdL_IsoVL_DZ_v4,403.253,389.920
283283:5416,10/15/16 06:37:08,1744,HLT_Mu8_TrkIsoVVL_Ele23_CaloIdL_TrackIdL_IsoVL_DZ_v4,208.655,203.589
283305:5418,10/15/16 21:41:13,7,HLT_Mu8_TrkIsoVVL_Ele23_CaloIdL_TrackIdL_IsoVL_DZ_v4,2.183,1.412
283306:5418,10/15/16 21:46:57,289,HLT_Mu8_TrkIsoVVL_Ele23_CaloIdL_TrackIdL_IsoVL_DZ_v4,81.637,78.193
283307:5418,10/15/16 23:43:44,454,HLT_Mu8_TrkIsoVVL_Ele23_CaloIdL_TrackIdL_IsoVL_DZ_v4,106.983,102.419
283308:5418,10/16/16 02:46:26,945,HLT_Mu8_TrkIsoVVL_Ele23_CaloIdL_TrackIdL_IsoVL_DZ_v4,170.854,164.476
283353:5421,10/16/16 19:55:17,743,HLT_Mu8_TrkIsoVVL_Ele23_CaloIdL_TrackIdL_IsoVL_DZ_v4,201.706,194.656
283358:5421,10/17/16 00:50:19,980,HLT_Mu8_TrkIsoVVL_Ele23_CaloIdL_TrackIdL_IsoVL_DZ_v4,185.997,176.656
283359:5421,10/17/16 07:15:19,428,HLT_Mu8_TrkIsoVVL_Ele23_CaloIdL_TrackIdL_IsoVL_DZ_v4,64.075,62.557
283407:5423,10/17/16 21:54:07,33,HLT_Mu8_TrkIsoVVL_Ele23_CaloIdL_TrackIdL_IsoVL_DZ_v4,11.081,9.951
283408:5423,10/17/16 22:10:43,2344,HLT_Mu8_TrkIsoVVL_Ele23_CaloIdL_TrackIdL_IsoVL_DZ_v4,483.967,467.533
283416:5423,10/18/16 15:16:09,195,HLT_Mu8_TrkIsoVVL_Ele23_CaloIdL_TrackIdL_IsoVL_DZ_v4,22.935,22.306
283453:5424,10/18/16 19:07:49,455,HLT_Mu8_TrkIsoVVL_Ele23_CaloIdL_TrackIdL_IsoVL_DZ_v4,130.871,125.417
283469:5426,10/19/16 01:09:36,1,HLT_Mu8_TrkIsoVVL_Ele23_CaloIdL_TrackIdL_IsoVL_DZ_v4,0.340,0.032
283478:5427,10/19/16 04:13:19,874,HLT_Mu8_TrkIsoVVL_Ele23_CaloIdL_TrackIdL_IsoVL_DZ_v4,222.718,214.416
283548:5433,10/19/16 22:58:39,144,HLT_Mu8_TrkIsoVVL_Ele23_CaloIdL_TrackIdL_IsoVL_DZ_v4,30.349,29.351
283680:5437,10/21/16 03:17:51,81,HLT_Mu8_TrkIsoVVL_Ele23_CaloIdL_TrackIdL_IsoVL_DZ_v4,20.118,19.335
283681:5437,10/21/16 03:56:07,17,HLT_Mu8_TrkIsoVVL_Ele23_CaloIdL_TrackIdL_IsoVL_DZ_v4,4.101,3.896
283682:5437,10/21/16 04:08:38,384,HLT_Mu8_TrkIsoVVL_Ele23_CaloIdL_TrackIdL_IsoVL_DZ_v4,84.471,81.925
283685:5437,10/21/16 06:39:38,314,HLT_Mu8_TrkIsoVVL_Ele23_CaloIdL_TrackIdL_IsoVL_DZ_v4,22.016,20.937
283820:5439,10/21/16 20:48:18,1482,HLT_Mu8_TrkIsoVVL_Ele23_CaloIdL_TrackIdL_IsoVL_DZ_v4,274.772,265.822
283830:5439,10/22/16 06:27:24,722,HLT_Mu8_TrkIsoVVL_Ele23_CaloIdL_TrackIdL_IsoVL_DZ_v4,108.171,105.225
283834:5439,10/22/16 11:11:28,81,HLT_Mu8_TrkIsoVVL_Ele23_CaloIdL_TrackIdL_IsoVL_DZ_v4,10.572,9.286
283835:5439,10/22/16 11:45:28,111,HLT_Mu8_TrkIsoVVL_Ele23_CaloIdL_TrackIdL_IsoVL_DZ_v4,13.384,11.666
283865:5441,10/22/16 17:30:09,1177,HLT_Mu8_TrkIsoVVL_Ele23_CaloIdL_TrackIdL_IsoVL_DZ_v4,279.348,270.062
283876:5442,10/23/16 03:38:50,657,HLT_Mu8_TrkIsoVVL_Ele23_CaloIdL_TrackIdL_IsoVL_DZ_v4,173.444,166.990
283877:5442,10/23/16 07:59:53,1496,HLT_Mu8_TrkIsoVVL_Ele23_CaloIdL_TrackIdL_IsoVL_DZ_v4,260.338,252.214
283884:5443,10/23/16 23:44:05,404,HLT_Mu8_TrkIsoVVL_Ele23_CaloIdL_TrackIdL_IsoVL_DZ_v4,108.696,103.871
283885:5443,10/24/16 02:25:30,1723,HLT_Mu8_TrkIsoVVL_Ele23_CaloIdL_TrackIdL_IsoVL_DZ_v4,306.740,298.067
283933:5446,10/24/16 18:32:31,145,HLT_Mu8_TrkIsoVVL_Ele23_CaloIdL_TrackIdL_IsoVL_DZ_v4,42.957,41.003
283934:5446,10/24/16 19:33:15,1258,HLT_Mu8_TrkIsoVVL_Ele23_CaloIdL_TrackIdL_IsoVL_DZ_v4,285.920,275.397
283946:5448,10/25/16 07:30:41,1377,HLT_Mu8_TrkIsoVVL_Ele23_CaloIdL_TrackIdL_IsoVL_DZ_v4,318.400,306.554
283964:5448,10/25/16 16:29:30,388,HLT_Mu8_TrkIsoVVL_Ele23_CaloIdL_TrackIdL_IsoVL_DZ_v4,62.241,60.336
284006:5450,10/26/16 01:53:26,318,HLT_Mu8_TrkIsoVVL_Ele23_CaloIdL_TrackIdL_IsoVL_DZ_v4,61.216,59.131
284014:5450,10/26/16 03:59:16,266,HLT_Mu8_TrkIsoVVL_Ele23_CaloIdL_TrackIdL_IsoVL_DZ_v4,50.380,49.047
284025:5451,10/26/16 08:56:43,48,HLT_Mu8_TrkIsoVVL_Ele23_CaloIdL_TrackIdL_IsoVL_DZ_v4,12.839,12.406
284029:5451,10/26/16 09:19:00,112,HLT_Mu8_TrkIsoVVL_Ele23_CaloIdL_TrackIdL_IsoVL_DZ_v4,32.329,30.464
284035:5451,10/26/16 10:04:52,360,HLT_Mu8_TrkIsoVVL_Ele23_CaloIdL_TrackIdL_IsoVL_DZ_v4,92.406,89.360
284036:5451,10/26/16 12:28:09,346,HLT_Mu8_TrkIsoVVL_Ele23_CaloIdL_TrackIdL_IsoVL_DZ_v4,76.505,73.364
284037:5451,10/26/16 14:48:03,340,HLT_Mu8_TrkIsoVVL_Ele23_CaloIdL_TrackIdL_IsoVL_DZ_v4,65.981,63.958
284038:5451,10/26/16 17:02:16,55,HLT_Mu8_TrkIsoVVL_Ele23_CaloIdL_TrackIdL_IsoVL_DZ_v4,9.961,9.343
284039:5451,10/26/16 17:27:02,30,HLT_Mu8_TrkIsoVVL_Ele23_CaloIdL_TrackIdL_IsoVL_DZ_v4,5.336,4.924
284040:5451,10/26/16 17:42:18,33,HLT_Mu8_TrkIsoVVL_Ele23_CaloIdL_TrackIdL_IsoVL_DZ_v4,5.803,5.592
284041:5451,10/26/16 17:59:11,44,HLT_Mu8_TrkIsoVVL_Ele23_CaloIdL_TrackIdL_IsoVL_DZ_v4,7.419,6.997
284042:5451,10/26/16 18:23:53,129,HLT_Mu8_TrkIsoVVL_Ele23_CaloIdL_TrackIdL_IsoVL_DZ_v4,21.160,20.243
284043:5451,10/26/16 19:17:23,220,HLT_Mu8_TrkIsoVVL_Ele23_CaloIdL_TrackIdL_IsoVL_DZ_v4,33.372,32.611
284044:5451,10/26/16 20:46:05,30,HLT_Mu8_TrkIsoVVL_Ele23_CaloIdL_TrackIdL_IsoVL_DZ_v4,4.498,4.410
273158:4915,05/11/16 20:42:35,1279,HLT_Mu8_TrkIsoVVL_Ele23_CaloIdL_TrackIdL_IsoVL_v3,55.022,51.655
273302:4919,05/13/16 02:13:38,459,HLT_Mu8_TrkIsoVVL_Ele23_CaloIdL_TrackIdL_IsoVL_v3,17.532,16.819
273402:4924,05/14/16 01:49:19,193,HLT_Mu8_TrkIsoVVL_Ele23_CaloIdL_TrackIdL_IsoVL_v3,7.180,6.792
273403:4924,05/14/16 03:05:27,53,HLT_Mu8_TrkIsoVVL_Ele23_CaloIdL_TrackIdL_IsoVL_v3,1.979,1.878
273404:4924,05/14/16 03:31:50,18,HLT_Mu8_TrkIsoVVL_Ele23_CaloIdL_TrackIdL_IsoVL_v3,0.667,0.630
273405:4924,05/14/16 03:42:33,24,HLT_Mu8_TrkIsoVVL_Ele23_CaloIdL_TrackIdL_IsoVL_v3,0.887,0.824
273406:4924,05/14/16 03:56:09,112,HLT_Mu8_TrkIsoVVL_Ele23_CaloIdL_TrackIdL_IsoVL_v3,4.072,3.888
273408:4924,05/14/16 04:52:04,6,HLT_Mu8_TrkIsoVVL_Ele23_CaloIdL_TrackIdL_IsoVL_v3,0.215,0.186
273409:4924,05/14/16 04:56:41,309,HLT_Mu8_TrkIsoVVL_Ele23_CaloIdL_TrackIdL_IsoVL_v3,10.825,9.726
273410:4924,05/14/16 06:59:49,90,HLT_Mu8_TrkIsoVVL_Ele23_CaloIdL_TrackIdL_IsoVL_v3,3.066,2.817
273411:4924,05/14/16 07:38:50,29,HLT_Mu8_TrkIsoVVL_Ele23_CaloIdL_TrackIdL_IsoVL_v3,0.811,0.759
273425:4925,05/14/16 11:17:57,671,HLT_Mu8_TrkIsoVVL_Ele23_CaloIdL_TrackIdL_IsoVL_v3,28.935,27.512
273446:4926,05/14/16 20:06:55,33,HLT_Mu8_TrkIsoVVL_Ele23_CaloIdL_TrackIdL_IsoVL_v3,2.356,2.203
273447:4926,05/14/16 20:26:09,411,HLT_Mu8_TrkIsoVVL_Ele23_CaloIdL_TrackIdL_IsoVL_v3,28.003,26.660
273448:4926,05/14/16 23:11:51,391,HLT_Mu8_TrkIsoVVL_Ele23_CaloIdL_TrackIdL_IsoVL_v3,24.525,23.334
273449:4926,05/15/16 01:50:28,208,HLT_Mu8_TrkIsoVVL_Ele23_CaloIdL_TrackIdL_IsoVL_v3,12.302,11.742
273450:4926,05/15/16 03:19:37,643,HLT_Mu8_TrkIsoVVL_Ele23_CaloIdL_TrackIdL_IsoVL_v3,34.664,33.191
273492:4930,05/16/16 09:07:35,265,HLT_Mu8_TrkIsoVVL_Ele23_CaloIdL_TrackIdL_IsoVL_v3,13.076,12.517
273493:4930,05/16/16 10:55:49,230,HLT_Mu8_TrkIsoVVL_Ele23_CaloIdL_TrackIdL_IsoVL_v3,11.124,10.691
273494:4930,05/16/16 12:28:40,192,HLT_Mu8_TrkIsoVVL_Ele23_CaloIdL_TrackIdL_IsoVL_v3,8.995,8.704
273502:4935,05/16/16 20:00:07,989,HLT_Mu8_TrkIsoVVL_Ele23_CaloIdL_TrackIdL_IsoVL_v3,50.152,48.296
273503:4935,05/17/16 02:31:25,598,HLT_Mu8_TrkIsoVVL_Ele23_CaloIdL_TrackIdL_IsoVL_v3,27.007,26.175
273554:4942,05/18/16 05:30:44,361,HLT_Mu8_TrkIsoVVL_Ele23_CaloIdL_TrackIdL_IsoVL_v3,28.811,27.628
273555:4942,05/18/16 07:55:51,173,HLT_Mu8_TrkIsoVVL_Ele23_CaloIdL_TrackIdL_IsoVL_v3,13.018,12.598
273725:4947,05/20/16 02:37:26,2462,HLT_Mu8_TrkIsoVVL_Ele23_CaloIdL_TrackIdL_IsoVL_v3,165.113,159.616
273728:4947,05/20/16 19:02:03,100,HLT_Mu8_TrkIsoVVL_Ele23_CaloIdL_TrackIdL_IsoVL_v3,5.267,5.062
273730:4947,05/20/16 19:47:25,2121,HLT_Mu8_TrkIsoVVL_Ele23_CaloIdL_TrackIdL_IsoVL_v3,91.856,89.503
274094:4953,05/27/16 02:21:04,225,HLT_Mu8_TrkIsoVVL_Ele23_CaloIdL_TrackIdL_IsoVL_v3,10.454,10.059
274146:4956,05/27/16 22:11:21,64,HLT_Mu8_TrkIsoVVL_Ele23_CaloIdL_TrackIdL_IsoVL_v3,5.554,5.271
274157:4958,05/28/16 11:50:04,426,HLT_Mu8_TrkIsoVVL_Ele23_CaloIdL_TrackIdL_IsoVL_v3,43.405,41.203
274159:4958,05/28/16 14:43:47,43,HLT_Mu8_TrkIsoVVL_Ele23_CaloIdL_TrackIdL_IsoVL_v3,4.141,3.669
274160:4958,05/28/16 15:02:52,207,HLT_Mu8_TrkIsoVVL_Ele23_CaloIdL_TrackIdL_IsoVL_v3,19.355,18.560
274161:4958,05/28/16 16:26:18,516,HLT_Mu8_TrkIsoVVL_Ele23_CaloIdL_TrackIdL_IsoVL_v3,45.025,43.482
274172:4960,05/29/16 00:45:19,65,HLT_Mu8_TrkIsoVVL_Ele23_CaloIdL_TrackIdL_IsoVL_v3,7.203,6.380
274198:4961,05/29/16 20:00:35,111,HLT_Mu8_TrkIsoVVL_Ele23_CaloIdL_TrackIdL_IsoVL_v3,13.791,12.695
274199:4961,05/29/16 20:45:19,623,HLT_Mu8_TrkIsoVVL_Ele23_CaloIdL_TrackIdL_IsoVL_v3,72.396,69.534
274200:4961,05/30/16 00:53:47,674,HLT_Mu8_TrkIsoVVL_Ele23_CaloIdL_TrackIdL_IsoVL_v3,68.458,66.426
274240:4964,05/30/16 13:59:19,81,HLT_Mu8_TrkIsoVVL_Ele23_CaloIdL_TrackIdL_IsoVL_v3,10.941,10.329
274241:4964,05/30/16 14:43:35,1166,HLT_Mu8_TrkIsoVVL_Ele23_CaloIdL_TrackIdL_IsoVL_v3,142.007,137.221
274244:4964,05/30/16 22:37:51,593,HLT_Mu8_TrkIsoVVL_Ele23_CaloIdL_TrackIdL_IsoVL_v3,61.396,59.428
274250:4965,05/31/16 05:56:17,701,HLT_Mu8_TrkIsoVVL_Ele23_CaloIdL_TrackIdL_IsoVL_v3,102.808,97.297
274251:4965,05/31/16 10:30:54,546,HLT_Mu8_TrkIsoVVL_Ele23_CaloIdL_TrackIdL_IsoVL_v3,69.299,67.084
274283:4976,06/01/16 03:25:26,18,HLT_Mu8_TrkIsoVVL_Ele23_CaloIdL_TrackIdL_IsoVL_v3,2.980,0.359
274284:4976,06/01/16 03:34:51,208,HLT_Mu8_TrkIsoVVL_Ele23_CaloIdL_TrackIdL_IsoVL_v3,32.295,30.692
274286:4976,06/01/16 05:04:18,154,HLT_Mu8_TrkIsoVVL_Ele23_CaloIdL_TrackIdL_IsoVL_v3,23.237,22.241
274314:4979,06/01/16 15:02:56,61,HLT_Mu8_TrkIsoVVL_Ele23_CaloIdL_TrackIdL_IsoVL_v3,10.854,9.757
274315:4979,06/01/16 15:32:32,423,HLT_Mu8_TrkIsoVVL_Ele23_CaloIdL_TrackIdL_IsoVL_v3,71.695,68.196
274316:4979,06/01/16 18:20:25,959,HLT_Mu8_TrkIsoVVL_Ele23_CaloIdL_TrackIdL_IsoVL_v3,138.675,134.065
274317:4979,06/02/16 00:39:53,3,HLT_Mu8_TrkIsoVVL_Ele23_CaloIdL_TrackIdL_IsoVL_v3,0.397,0.310
274319:4979,06/02/16 00:56:19,225,HLT_Mu8_TrkIsoVVL_Ele23_CaloIdL_TrackIdL_IsoVL_v3,29.056,28.103
274335:4980,06/02/16 09:10:43,944,HLT_Mu8_TrkIsoVVL_Ele23_CaloIdL_TrackIdL_IsoVL_v3,152.993,146.492
274336:4980,06/02/16 15:25:02,14,HLT_Mu8_TrkIsoVVL_Ele23_CaloIdL_TrackIdL_IsoVL_v3,2.062,1.790
274337:4980,06/02/16 15:33:18,15,HLT_Mu8_TrkIsoVVL_Ele23_CaloIdL_TrackIdL_IsoVL_v3,2.199,1.831
274338:4980,06/02/16 15:41:22,698,HLT_Mu8_TrkIsoVVL_Ele23_CaloIdL_TrackIdL_IsoVL_v3,97.017,91.494
274339:4980,06/02/16 20:15:40,90,HLT_Mu8_TrkIsoVVL_Ele23_CaloIdL_TrackIdL_IsoVL_v3,11.605,11.141
274344:4980,06/02/16 21:29:06,627,HLT_Mu8_TrkIsoVVL_Ele23_CaloIdL_TrackIdL_IsoVL_v3,74.469,71.996
274345:4980,06/03/16 01:37:46,170,HLT_Mu8_TrkIsoVVL_Ele23_CaloIdL_TrackIdL_IsoVL_v3,18.842,18.267
274382:4984,06/03/16 15:37:56,51,HLT_Mu8_TrkIsoVVL_Ele23_CaloIdL_TrackIdL_IsoVL_v3,8.189,7.623
274387:4985,06/03/16 19:10:09,352,HLT_Mu8_TrkIsoVVL_Ele23_CaloIdL_TrackIdL_IsoVL_v3,63.274,59.661
274388:4985,06/03/16 21:32:38,1820,HLT_Mu8_TrkIsoVVL_Ele23_CaloIdL_TrackIdL_IsoVL_v3,270.811,261.039
274420:4988,06/04/16 20:17:21,175,HLT_Mu8_TrkIsoVVL_Ele23_CaloIdL_TrackIdL_IsoVL_v3,30.261,28.799
274421:4988,06/04/16 21:28:04,342,HLT_Mu8_TrkIsoVVL_Ele23_CaloIdL_TrackIdL_IsoVL_v3,57.589,55.267
274422:4988,06/04/16 23:46:51,2207,HLT_Mu8_TrkIsoVVL_Ele23_CaloIdL_TrackIdL_IsoVL_v3,293.872,284.958
274440:4990,06/05/16 19:32:38,402,HLT_Mu8_TrkIsoVVL_Ele23_CaloIdL_TrackIdL_IsoVL_v3,67.961,65.180
274441:4990,06/05/16 22:13:06,431,HLT_Mu8_TrkIsoVVL_Ele23_CaloIdL_TrackIdL_IsoVL_v3,67.851,65.643
274442:4990,06/06/16 01:05:09,752,HLT_Mu8_TrkIsoVVL_Ele23_CaloIdL_TrackIdL_IsoVL_v3,105.162,101.739
274954:5005,06/11/16 09:40:51,20,HLT_Mu8_TrkIsoVVL_Ele23_CaloIdL_TrackIdL_IsoVL_v4,1.190,0.991
274955:5005,06/11/16 09:52:07,91,HLT_Mu8_TrkIsoVVL_Ele23_CaloIdL_TrackIdL_IsoVL_v4,5.140,4.904
274968:5013,06/11/16 22:51:22,1192,HLT_Mu8_TrkIsoVVL_Ele23_CaloIdL_TrackIdL_IsoVL_v4,207.879,198.787
274969:5013,06/12/16 06:41:54,1003,HLT_Mu8_TrkIsoVVL_Ele23_CaloIdL_TrackIdL_IsoVL_v4,139.618,130.137
274970:5013,06/12/16 13:12:54,47,HLT_Mu8_TrkIsoVVL_Ele23_CaloIdL_TrackIdL_IsoVL_v4,5.862,4.426
274971:5013,06/12/16 13:33:30,905,HLT_Mu8_TrkIsoVVL_Ele23_CaloIdL_TrackIdL_IsoVL_v4,103.787,100.583
274998:5017,06/13/16 04:19:54,719,HLT_Mu8_TrkIsoVVL_Ele23_CaloIdL_TrackIdL_IsoVL_v4,122.581,115.887
274999:5017,06/13/16 09:04:45,1241,HLT_Mu8_TrkIsoVVL_Ele23_CaloIdL_TrackIdL_IsoVL_v4,173.325,167.347
275000:5017,06/13/16 17:15:35,136,HLT_Mu8_TrkIsoVVL_Ele23_CaloIdL_TrackIdL_IsoVL_v4,16.815,16.276
275001:5017,06/13/16 18:12:42,2057,HLT_Mu8_TrkIsoVVL_Ele23_CaloIdL_TrackIdL_IsoVL_v4,209.271,203.827
275059:5020,06/14/16 16:49:52,37,HLT_Mu8_TrkIsoVVL_Ele23_CaloIdL_TrackIdL_IsoVL_v4,6.877,6.238
275066:5020,06/14/16 17:45:35,96,HLT_Mu8_TrkIsoVVL_Ele23_CaloIdL_TrackIdL_IsoVL_v4,19.693,18.717
275067:5020,06/14/16 18:28:40,392,HLT_Mu8_TrkIsoVVL_Ele23_CaloIdL_TrackIdL_IsoVL_v5,75.485,72.729
275068:5020,06/14/16 21:09:42,915,HLT_Mu8_TrkIsoVVL_Ele23_CaloIdL_TrackIdL_IsoVL_v5,151.734,145.890
275073:5020,06/15/16 03:32:47,517,HLT_Mu8_TrkIsoVVL_Ele23_CaloIdL_TrackIdL_IsoVL_v5,72.504,69.946
275074:5020,06/15/16 07:00:06,646,HLT_Mu8_TrkIsoVVL_Ele23_CaloIdL_TrackIdL_IsoVL_v5,80.523,78.015
275124:5021,06/15/16 17:50:26,324,HLT_Mu8_TrkIsoVVL_Ele23_CaloIdL_TrackIdL_IsoVL_v5,59.979,57.282
275125:5021,06/15/16 20:00:21,989,HLT_Mu8_TrkIsoVVL_Ele23_CaloIdL_TrackIdL_IsoVL_v5,160.053,153.206
275282:5024,06/17/16 00:06:15,90,HLT_Mu8_TrkIsoVVL_Ele23_CaloIdL_TrackIdL_IsoVL_v5,15.959,15.121
275283:5024,06/17/16 00:43:11,132,HLT_Mu8_TrkIsoVVL_Ele23_CaloIdL_TrackIdL_IsoVL_v5,23.908,22.766
275284:5024,06/17/16 01:36:53,74,HLT_Mu8_TrkIsoVVL_Ele23_CaloIdL_TrackIdL_IsoVL_v5,13.124,12.636
275290:5024,06/17/16 03:58:56,48,HLT_Mu8_TrkIsoVVL_Ele23_CaloIdL_TrackIdL_IsoVL_v5,7.827,2.724
275291:5024,06/17/16 04:28:35,347,HLT_Mu8_TrkIsoVVL_Ele23_CaloIdL_TrackIdL_IsoVL_v5,54.356,52.618
275292:5024,06/17/16 06:46:47,121,HLT_Mu8_TrkIsoVVL_Ele23_CaloIdL_TrackIdL_IsoVL_v5,16.754,15.968
275293:5024,06/17/16 07:37:27,200,HLT_Mu8_TrkIsoVVL_Ele23_CaloIdL_TrackIdL_IsoVL_v5,26.526,25.627
275309:5026,06/17/16 13:48:15,563,HLT_Mu8_TrkIsoVVL_Ele23_CaloIdL_TrackIdL_IsoVL_v5,87.363,84.180
275310:5026,06/17/16 17:32:53,1929,HLT_Mu8_TrkIsoVVL_Ele23_CaloIdL_TrackIdL_IsoVL_v5,235.747,228.560
275311:5026,06/18/16 06:07:07,1253,HLT_Mu8_TrkIsoVVL_Ele23_CaloIdL_TrackIdL_IsoVL_v5,113.313,110.613
275319:5027,06/18/16 18:56:15,142,HLT_Mu8_TrkIsoVVL_Ele23_CaloIdL_TrackIdL_IsoVL_v6,26.341,24.989
275337:5027,06/18/16 21:26:04,427,HLT_Mu8_TrkIsoVVL_Ele23_CaloIdL_TrackIdL_IsoVL_v6,72.967,70.069
275338:5027,06/19/16 00:15:37,520,HLT_Mu8_TrkIsoVVL_Ele23_CaloIdL_TrackIdL_IsoVL_v6,79.636,77.062
275344:5028,06/19/16 08:18:25,281,HLT_Mu8_TrkIsoVVL_Ele23_CaloIdL_TrackIdL_IsoVL_v6,53.514,51.398
275345:5028,06/19/16 10:12:11,353,HLT_Mu8_TrkIsoVVL_Ele23_CaloIdL_TrackIdL_IsoVL_v6,63.567,60.786
275370:5029,06/19/16 16:19:29,285,HLT_Mu8_TrkIsoVVL_Ele23_CaloIdL_TrackIdL_IsoVL_v6,55.495,52.765
275371:5029,06/19/16 18:16:49,564,HLT_Mu8_TrkIsoVVL_Ele23_CaloIdL_TrackIdL_IsoVL_v6,100.711,96.380
275375:5030,06/20/16 02:17:12,1323,HLT_Mu8_TrkIsoVVL_Ele23_CaloIdL_TrackIdL_IsoVL_v6,218.952,210.812
275376:5030,06/20/16 10:55:04,3095,HLT_Mu8_TrkIsoVVL_Ele23_CaloIdL_TrackIdL_IsoVL_v6,341.868,332.912
275657:5038,06/24/16 03:32:32,105,HLT_Mu8_TrkIsoVVL_Ele23_CaloIdL_TrackIdL_IsoVL_v6,21.937,20.104
275658:5038,06/24/16 04:16:07,337,HLT_Mu8_TrkIsoVVL_Ele23_CaloIdL_TrackIdL_IsoVL_v6,69.498,65.783
275659:5038,06/24/16 06:31:38,17,HLT_Mu8_TrkIsoVVL_Ele23_CaloIdL_TrackIdL_IsoVL_v6,3.357,3.243
275761:5043,06/25/16 04:24:16,9,HLT_Mu8_TrkIsoVVL_Ele23_CaloIdL_TrackIdL_IsoVL_v6,1.949,1.707
275767:5043,06/25/16 05:31:36,4,HLT_Mu8_TrkIsoVVL_Ele23_CaloIdL_TrackIdL_IsoVL_v6,0.818,0.722
275772:5043,06/25/16 06:28:17,56,HLT_Mu8_TrkIsoVVL_Ele23_CaloIdL_TrackIdL_IsoVL_v6,11.014,10.594
275773:5043,06/25/16 06:53:33,7,HLT_Mu8_TrkIsoVVL_Ele23_CaloIdL_TrackIdL_IsoVL_v6,1.355,1.210
275774:5043,06/25/16 07:01:55,312,HLT_Mu8_TrkIsoVVL_Ele23_CaloIdL_TrackIdL_IsoVL_v6,58.981,56.386
275776:5043,06/25/16 09:11:23,140,HLT_Mu8_TrkIsoVVL_Ele23_CaloIdL_TrackIdL_IsoVL_v6,25.114,23.845
275777:5043,06/25/16 10:12:24,300,HLT_Mu8_TrkIsoVVL_Ele23_CaloIdL_TrackIdL_IsoVL_v6,51.197,49.162
275778:5043,06/25/16 12:13:15,305,HLT_Mu8_TrkIsoVVL_Ele23_CaloIdL_TrackIdL_IsoVL_v6,48.728,46.971
275782:5043,06/25/16 14:44:49,761,HLT_Mu8_TrkIsoVVL_Ele23_CaloIdL_TrackIdL_IsoVL_v6,106.333,102.353
275832:5045,06/26/16 17:18:04,367,HLT_Mu8_TrkIsoVVL_Ele23_CaloIdL_TrackIdL_IsoVL_v6,79.186,74.243
275833:5045,06/26/16 19:45:07,248,HLT_Mu8_TrkIsoVVL_Ele23_CaloIdL_TrackIdL_IsoVL_v6,49.203,47.422
275834:5045,06/26/16 21:26:02,297,HLT_Mu8_TrkIsoVVL_Ele23_CaloIdL_TrackIdL_IsoVL_v6,55.309,53.227
275835:5045,06/26/16 23:24:23,13,HLT_Mu8_TrkIsoVVL_Ele23_CaloIdL_TrackIdL_IsoVL_v6,2.328,2.122
275836:5045,06/26/16 23:32:00,1277,HLT_Mu8_TrkIsoVVL_Ele23_CaloIdL_TrackIdL_IsoVL_v6,198.714,189.644
275837:5045,06/27/16 07:59:11,715,HLT_Mu8_TrkIsoVVL_Ele23_CaloIdL_TrackIdL_IsoVL_v6,88.582,85.912
275847:5045,06/27/16 13:59:22,2263,HLT_Mu8_TrkIsoVVL_Ele23_CaloIdL_TrackIdL_IsoVL_v6,210.336,205.317
275886:5048,06/28/16 08:40:35,37,HLT_Mu8_TrkIsoVVL_Ele23_CaloIdL_TrackIdL_IsoVL_v6,8.225,7.744
275890:5048,06/28/16 09:27:45,1392,HLT_Mu8_TrkIsoVVL_Ele23_CaloIdL_TrackIdL_IsoVL_v6,251.016,241.038
275911:5052,06/29/16 01:49:35,377,HLT_Mu8_TrkIsoVVL_Ele23_CaloIdL_TrackIdL_IsoVL_v6,78.195,74.878
275912:5052,06/29/16 04:21:23,289,HLT_Mu8_TrkIsoVVL_Ele23_CaloIdL_TrackIdL_IsoVL_v6,55.384,53.246
275913:5052,06/29/16 06:19:55,475,HLT_Mu8_TrkIsoVVL_Ele23_CaloIdL_TrackIdL_IsoVL_v6,82.678,78.577
275918:5052,06/29/16 09:29:20,332,HLT_Mu8_TrkIsoVVL_Ele23_CaloIdL_TrackIdL_IsoVL_v6,52.855,51.039
275920:5052,06/29/16 11:56:25,459,HLT_Mu8_TrkIsoVVL_Ele23_CaloIdL_TrackIdL_IsoVL_v6,65.579,62.973
275921:5052,06/29/16 14:59:30,8,HLT_Mu8_TrkIsoVVL_Ele23_CaloIdL_TrackIdL_IsoVL_v6,1.101,1.033
275923:5052,06/29/16 15:17:42,114,HLT_Mu8_TrkIsoVVL_Ele23_CaloIdL_TrackIdL_IsoVL_v6,15.361,14.916
275931:5052,06/29/16 16:34:22,85,HLT_Mu8_TrkIsoVVL_Ele23_CaloIdL_TrackIdL_IsoVL_v6,11.035,10.722
275963:5056,06/30/16 01:02:54,90,HLT_Mu8_TrkIsoVVL_Ele23_CaloIdL_TrackIdL_IsoVL_v6,21.061,19.954
276092:5060,07/01/16 02:14:32,76,HLT_Mu8_TrkIsoVVL_Ele23_CaloIdL_TrackIdL_IsoVL_v6,16.119,15.083
276097:5060,07/01/16 03:07:31,507,HLT_Mu8_TrkIsoVVL_Ele23_CaloIdL_TrackIdL_IsoVL_v6,105.900,101.625
276242:5069,07/02/16 14:05:34,1644,HLT_Mu8_TrkIsoVVL_Ele23_CaloIdL_TrackIdL_IsoVL_v6,289.403,275.474
276243:5069,07/03/16 00:56:20,608,HLT_Mu8_TrkIsoVVL_Ele23_CaloIdL_TrackIdL_IsoVL_v6,84.829,80.003
276244:5069,07/03/16 05:04:17,1200,HLT_Mu8_TrkIsoVVL_Ele23_CaloIdL_TrackIdL_IsoVL_v6,141.386,136.344
276282:5071,07/03/16 18:15:01,1066,HLT_Mu8_TrkIsoVVL_Ele23_CaloIdL_TrackIdL_IsoVL_v6,219.082,210.162
276283:5071,07/04/16 01:14:13,1085,HLT_Mu8_TrkIsoVVL_Ele23_CaloIdL_TrackIdL_IsoVL_v6,177.988,171.192
276315:5072,07/04/16 11:19:05,175,HLT_Mu8_TrkIsoVVL_Ele23_CaloIdL_TrackIdL_IsoVL_v6,36.497,34.593
276317:5072,07/04/16 12:33:38,136,HLT_Mu8_TrkIsoVVL_Ele23_CaloIdL_TrackIdL_IsoVL_v6,27.890,26.892
276318:5072,07/04/16 13:30:33,566,HLT_Mu8_TrkIsoVVL_Ele23_CaloIdL_TrackIdL_IsoVL_v6,103.831,100.279
276355:5073,07/04/16 21:39:48,33,HLT_Mu8_TrkIsoVVL_Ele23_CaloIdL_TrackIdL_IsoVL_v6,6.611,6.338
276361:5073,07/04/16 22:36:15,824,HLT_Mu8_TrkIsoVVL_Ele23_CaloIdL_TrackIdL_IsoVL_v6,159.102,153.034
276363:5073,07/05/16 04:07:36,1478,HLT_Mu8_TrkIsoVVL_Ele23_CaloIdL_TrackIdL_IsoVL_v6,221.746,212.058
276384:5073,07/05/16 13:47:06,1116,HLT_Mu8_TrkIsoVVL_Ele23_CaloIdL_TrackIdL_IsoVL_v6,128.872,125.194
276437:5076,07/06/16 02:58:47,2125,HLT_Mu8_TrkIsoVVL_Ele23_CaloIdL_TrackIdL_IsoVL_v6,379.474,364.938
276454:5076,07/06/16 18:08:15,527,HLT_Mu8_TrkIsoVVL_Ele23_CaloIdL_TrackIdL_IsoVL_v6,67.782,65.824
276458:5076,07/07/16 02:00:22,341,HLT_Mu8_TrkIsoVVL_Ele23_CaloIdL_TrackIdL_IsoVL_v6,35.012,34.209
276495:5078,07/07/16 11:20:57,182,HLT_Mu8_TrkIsoVVL_Ele23_CaloIdL_TrackIdL_IsoVL_v6,40.740,38.884
276501:5078,07/07/16 12:47:40,2543,HLT_Mu8_TrkIsoVVL_Ele23_CaloIdL_TrackIdL_IsoVL_v6,427.159,411.671
276502:5078,07/08/16 05:21:18,740,HLT_Mu8_TrkIsoVVL_Ele23_CaloIdL_TrackIdL_IsoVL_v6,90.678,87.951
276525:5080,07/08/16 14:15:18,2786,HLT_Mu8_TrkIsoVVL_Ele23_CaloIdL_TrackIdL_IsoVL_v6,427.358,413.058
276527:5080,07/09/16 08:34:41,214,HLT_Mu8_TrkIsoVVL_Ele23_CaloIdL_TrackIdL_IsoVL_v6,23.837,23.094
276528:5080,07/09/16 10:01:49,391,HLT_Mu8_TrkIsoVVL_Ele23_CaloIdL_TrackIdL_IsoVL_v6,40.594,39.543
276542:5083,07/09/16 16:32:22,784,HLT_Mu8_TrkIsoVVL_Ele23_CaloIdL_TrackIdL_IsoVL_v6,159.489,151.716
276543:5083,07/09/16 21:39:40,948,HLT_Mu8_TrkIsoVVL_Ele23_CaloIdL_TrackIdL_IsoVL_v6,157.668,151.988
276544:5083,07/10/16 03:53:47,160,HLT_Mu8_TrkIsoVVL_Ele23_CaloIdL_TrackIdL_IsoVL_v6,23.529,22.600
276545:5083,07/10/16 04:59:24,206,HLT_Mu8_TrkIsoVVL_Ele23_CaloIdL_TrackIdL_IsoVL_v6,28.357,27.387
276581:5085,07/10/16 12:24:16,366,HLT_Mu8_TrkIsoVVL_Ele23_CaloIdL_TrackIdL_IsoVL_v6,78.780,75.637
276582:5085,07/10/16 14:52:29,871,HLT_Mu8_TrkIsoVVL_Ele23_CaloIdL_TrackIdL_IsoVL_v6,158.962,153.540
276583:5085,07/10/16 20:34:28,52,HLT_Mu8_TrkIsoVVL_Ele23_CaloIdL_TrackIdL_IsoVL_v6,8.477,8.046
276584:5085,07/10/16 20:59:17,2,HLT_Mu8_TrkIsoVVL_Ele23_CaloIdL_TrackIdL_IsoVL_v6,0.324,0.177
276585:5085,07/10/16 21:31:21,242,HLT_Mu8_TrkIsoVVL_Ele23_CaloIdL_TrackIdL_IsoVL_v6,37.401,35.841
276586:5085,07/10/16 23:10:31,751,HLT_Mu8_TrkIsoVVL_Ele23_CaloIdL_TrackIdL_IsoVL_v6,102.906,99.526
276587:5085,07/11/16 04:14:31,1006,HLT_Mu8_TrkIsoVVL_Ele23_CaloIdL_TrackIdL_IsoVL_v6,114.888,110.779
276653:5091,07/12/16 00:12:31,479,HLT_Mu8_TrkIsoVVL_Ele23_CaloIdL_TrackIdL_IsoVL_v6,91.709,88.382
276655:5091,07/12/16 03:26:27,1105,HLT_Mu8_TrkIsoVVL_Ele23_CaloIdL_TrackIdL_IsoVL_v6,176.130,165.415
276659:5091,07/12/16 10:39:13,251,HLT_Mu8_TrkIsoVVL_Ele23_CaloIdL_TrackIdL_IsoVL_v6,33.639,30.783
276775:5093,07/12/16 21:26:43,1164,HLT_Mu8_TrkIsoVVL_Ele23_CaloIdL_TrackIdL_IsoVL_v6,223.502,212.274
276776:5093,07/13/16 05:02:29,1823,HLT_Mu8_TrkIsoVVL_Ele23_CaloIdL_TrackIdL_IsoVL_v6,251.526,242.983
276794:5093,07/13/16 17:05:19,885,HLT_Mu8_TrkIsoVVL_Ele23_CaloIdL_TrackIdL_IsoVL_v6,92.206,89.856
276807:5095,07/14/16 03:24:10,155,HLT_Mu8_TrkIsoVVL_Ele23_CaloIdL_TrackIdL_IsoVL_v6,32.957,31.086
276808:5095,07/14/16 04:28:59,875,HLT_Mu8_TrkIsoVVL_Ele23_CaloIdL_TrackIdL_IsoVL_v6,167.948,161.488
276810:5095,07/14/16 10:15:44,287,HLT_Mu8_TrkIsoVVL_Ele23_CaloIdL_TrackIdL_IsoVL_v6,47.916,45.897
276811:5095,07/14/16 12:15:34,2562,HLT_Mu8_TrkIsoVVL_Ele23_CaloIdL_TrackIdL_IsoVL_v6,320.406,310.488
276831:5096,07/15/16 07:47:46,2634,HLT_Mu8_TrkIsoVVL_Ele23_CaloIdL_TrackIdL_IsoVL_v6,427.027,410.764
276834:5096,07/16/16 01:42:10,720,HLT_Mu8_TrkIsoVVL_Ele23_CaloIdL_TrackIdL_IsoVL_v6,77.937,74.848
276870:5097,07/16/16 11:02:01,3403,HLT_Mu8_TrkIsoVVL_Ele23_CaloIdL_TrackIdL_IsoVL_v6,560.641,540.129
276935:5101,07/17/16 23:39:55,824,HLT_Mu8_TrkIsoVVL_Ele23_CaloIdL_TrackIdL_IsoVL_v6,183.276,173.604
276940:5102,07/18/16 08:13:36,144,HLT_Mu8_TrkIsoVVL_Ele23_CaloIdL_TrackIdL_IsoVL_v6,34.630,29.286
276946:5102,07/18/16 09:56:36,27,HLT_Mu8_TrkIsoVVL_Ele23_CaloIdL_TrackIdL_IsoVL_v6,6.290,4.337
276947:5102,07/18/16 10:11:19,132,HLT_Mu8_TrkIsoVVL_Ele23_CaloIdL_TrackIdL_IsoVL_v6,29.900,25.100
276948:5102,07/18/16 11:09:47,474,HLT_Mu8_TrkIsoVVL_Ele23_CaloIdL_TrackIdL_IsoVL_v6,97.616,87.808
276950:5102,07/18/16 14:16:45,2353,HLT_Mu8_TrkIsoVVL_Ele23_CaloIdL_TrackIdL_IsoVL_v6,346.207,331.498
277069:5105,07/19/16 17:52:15,309,HLT_Mu8_TrkIsoVVL_Ele23_CaloIdL_TrackIdL_IsoVL_v6,80.242,76.658
277070:5105,07/19/16 19:54:11,1058,HLT_Mu8_TrkIsoVVL_Ele23_CaloIdL_TrackIdL_IsoVL_v6,221.708,210.452
277071:5105,07/20/16 02:48:37,171,HLT_Mu8_TrkIsoVVL_Ele23_CaloIdL_TrackIdL_IsoVL_v6,29.929,26.936
277072:5105,07/20/16 04:01:41,464,HLT_Mu8_TrkIsoVVL_Ele23_CaloIdL_TrackIdL_IsoVL_v6,73.336,70.777
277073:5105,07/20/16 07:09:53,90,HLT_Mu8_TrkIsoVVL_Ele23_CaloIdL_TrackIdL_IsoVL_v6,13.469,13.057
277076:5105,07/20/16 07:55:58,1033,HLT_Mu8_TrkIsoVVL_Ele23_CaloIdL_TrackIdL_IsoVL_v6,134.445,129.281
277087:5105,07/20/16 17:49:22,988,HLT_Mu8_TrkIsoVVL_Ele23_CaloIdL_TrackIdL_IsoVL_v6,92.009,88.851
277094:5106,07/21/16 04:03:56,582,HLT_Mu8_TrkIsoVVL_Ele23_CaloIdL_TrackIdL_IsoVL_v6,138.859,133.263
277096:5106,07/21/16 07:56:14,2085,HLT_Mu8_TrkIsoVVL_Ele23_CaloIdL_TrackIdL_IsoVL_v6,340.993,327.953
277112:5106,07/21/16 21:29:34,155,HLT_Mu8_TrkIsoVVL_Ele23_CaloIdL_TrackIdL_IsoVL_v6,17.750,17.122
277126:5107,07/22/16 01:36:48,18,HLT_Mu8_TrkIsoVVL_Ele23_CaloIdL_TrackIdL_IsoVL_v6,4.533,1.999
277127:5107,07/22/16 01:46:10,901,HLT_Mu8_TrkIsoVVL_Ele23_CaloIdL_TrackIdL_IsoVL_v6,194.970,187.422
277148:5108,07/22/16 10:31:04,616,HLT_Mu8_TrkIsoVVL_Ele23_CaloIdL_TrackIdL_IsoVL_v6,136.645,130.748
277166:5109,07/22/16 18:10:23,354,HLT_Mu8_TrkIsoVVL_Ele23_CaloIdL_TrackIdL_IsoVL_v6,75.912,72.119
277168:5109,07/22/16 20:34:53,2220,HLT_Mu8_TrkIsoVVL_Ele23_CaloIdL_TrackIdL_IsoVL_v6,339.231,327.114
277180:5110,07/23/16 13:37:57,141,HLT_Mu8_TrkIsoVVL_Ele23_CaloIdL_TrackIdL_IsoVL_v6,34.289,31.814
277194:5111,07/23/16 18:25:08,1938,HLT_Mu8_TrkIsoVVL_Ele23_CaloIdL_TrackIdL_IsoVL_v6,394.635,374.947
277305:5116,07/25/16 01:23:14,683,HLT_Mu8_TrkIsoVVL_Ele23_CaloIdL_TrackIdL_IsoVL_v6,165.984,157.056
277420:5117,07/25/16 19:44:15,261,HLT_Mu8_TrkIsoVVL_Ele23_CaloIdL_TrackIdL_IsoVL_v6,66.055,62.154
277981:5151,08/01/16 11:52:59,76,HLT_Mu8_TrkIsoVVL_Ele23_CaloIdL_TrackIdL_IsoVL_v6,17.921,16.609
277991:5151,08/01/16 15:43:56,90,HLT_Mu8_TrkIsoVVL_Ele23_CaloIdL_TrackIdL_IsoVL_v6,5.363,4.813
277992:5151,08/01/16 16:22:25,311,HLT_Mu8_TrkIsoVVL_Ele23_CaloIdL_TrackIdL_IsoVL_v6,18.030,17.133
278017:5154,08/01/16 23:26:43,510,HLT_Mu8_TrkIsoVVL_Ele23_CaloIdL_TrackIdL_IsoVL_v6,134.005,126.940
278018:5154,08/02/16 02:52:01,1156,HLT_Mu8_TrkIsoVVL_Ele23_CaloIdL_TrackIdL_IsoVL_v6,229.688,218.738
278167:5161,08/03/16 18:39:02,2167,HLT_Mu8_TrkIsoVVL_Ele23_CaloIdL_TrackIdL_IsoVL_v6,336.514,322.540
278175:5161,08/04/16 08:44:58,88,HLT_Mu8_TrkIsoVVL_Ele23_CaloIdL_TrackIdL_IsoVL_v6,9.550,9.310
278193:5162,08/04/16 12:31:44,155,HLT_Mu8_TrkIsoVVL_Ele23_CaloIdL_TrackIdL_IsoVL_v6,37.014,35.219
278239:5163,08/04/16 23:23:01,663,HLT_Mu8_TrkIsoVVL_Ele23_CaloIdL_TrackIdL_IsoVL_v6,144.591,135.887
278240:5163,08/05/16 03:46:54,1300,HLT_Mu8_TrkIsoVVL_Ele23_CaloIdL_TrackIdL_IsoVL_v6,210.211,201.810
278273:5169,08/05/16 17:37:20,36,HLT_Mu8_TrkIsoVVL_Ele23_CaloIdL_TrackIdL_IsoVL_v7,7.323,5.973
278274:5169,08/05/16 17:55:42,84,HLT_Mu8_TrkIsoVVL_Ele23_CaloIdL_TrackIdL_IsoVL_v7,19.707,18.367
278288:5170,08/05/16 21:11:12,15,HLT_Mu8_TrkIsoVVL_Ele23_CaloIdL_TrackIdL_IsoVL_v7,3.804,2.925
278289:5170,08/05/16 21:18:02,51,HLT_Mu8_TrkIsoVVL_Ele23_CaloIdL_TrackIdL_IsoVL_v7,11.428,9.634
278290:5170,08/05/16 21:42:34,11,HLT_Mu8_TrkIsoVVL_Ele23_CaloIdL_TrackIdL_IsoVL_v7,2.663,2.467
278308:5173,08/06/16 13:00:39,1740,HLT_Mu8_TrkIsoVVL_Ele23_CaloIdL_TrackIdL_IsoVL_v7,336.199,320.155
278310:5173,08/07/16 00:47:36,708,HLT_Mu8_TrkIsoVVL_Ele23_CaloIdL_TrackIdL_IsoVL_v7,93.872,90.876
278315:5179,08/07/16 10:56:52,693,HLT_Mu8_TrkIsoVVL_Ele23_CaloIdL_TrackIdL_IsoVL_v7,152.675,140.247
278345:5181,08/08/16 00:13:39,746,HLT_Mu8_TrkIsoVVL_Ele23_CaloIdL_TrackIdL_IsoVL_v7,166.625,153.133
278346:5181,08/08/16 05:08:15,117,HLT_Mu8_TrkIsoVVL_Ele23_CaloIdL_TrackIdL_IsoVL_v7,22.700,21.608
278349:5181,08/08/16 06:27:06,613,HLT_Mu8_TrkIsoVVL_Ele23_CaloIdL_TrackIdL_IsoVL_v7,101.605,97.121
278366:5181,08/08/16 10:36:47,453,HLT_Mu8_TrkIsoVVL_Ele23_CaloIdL_TrackIdL_IsoVL_v7,63.269,61.039
278406:5183,08/08/16 17:15:50,1597,HLT_Mu8_TrkIsoVVL_Ele23_CaloIdL_TrackIdL_IsoVL_v7,319.947,303.620
278509:5187,08/09/16 18:29:15,1467,HLT_Mu8_TrkIsoVVL_Ele23_CaloIdL_TrackIdL_IsoVL_v7,301.129,279.389
278769:5197,08/13/16 06:38:56,30,HLT_Mu8_TrkIsoVVL_Ele23_CaloIdL_TrackIdL_IsoVL_v7,7.931,7.329
278770:5197,08/13/16 06:54:00,767,HLT_Mu8_TrkIsoVVL_Ele23_CaloIdL_TrackIdL_IsoVL_v7,174.284,166.984
278801:5198,08/13/16 14:43:37,38,HLT_Mu8_TrkIsoVVL_Ele23_CaloIdL_TrackIdL_IsoVL_v7,10.292,7.936
278802:5198,08/13/16 15:01:05,17,HLT_Mu8_TrkIsoVVL_Ele23_CaloIdL_TrackIdL_IsoVL_v7,4.105,1.739
278803:5198,08/13/16 15:10:53,318,HLT_Mu8_TrkIsoVVL_Ele23_CaloIdL_TrackIdL_IsoVL_v7,78.695,72.759
278804:5198,08/13/16 17:20:06,4,HLT_Mu8_TrkIsoVVL_Ele23_CaloIdL_TrackIdL_IsoVL_v7,0.929,0.762
278805:5198,08/13/16 17:23:57,274,HLT_Mu8_TrkIsoVVL_Ele23_CaloIdL_TrackIdL_IsoVL_v7,60.301,56.548
278808:5198,08/13/16 19:25:19,1791,HLT_Mu8_TrkIsoVVL_Ele23_CaloIdL_TrackIdL_IsoVL_v7,287.054,276.362
278820:5199,08/14/16 11:00:51,1517,HLT_Mu8_TrkIsoVVL_Ele23_CaloIdL_TrackIdL_IsoVL_v7,304.872,292.856
278822:5199,08/14/16 21:52:47,1627,HLT_Mu8_TrkIsoVVL_Ele23_CaloIdL_TrackIdL_IsoVL_v7,202.893,196.568
278873:5205,08/15/16 23:25:45,60,HLT_Mu8_TrkIsoVVL_Ele23_CaloIdL_TrackIdL_IsoVL_v7,11.489,2.058
278874:5205,08/15/16 23:51:53,477,HLT_Mu8_TrkIsoVVL_Ele23_CaloIdL_TrackIdL_IsoVL_v7,88.698,83.419
278875:5205,08/16/16 03:01:20,833,HLT_Mu8_TrkIsoVVL_Ele23_CaloIdL_TrackIdL_IsoVL_v7,123.041,117.573
278923:5206,08/16/16 12:16:32,413,HLT_Mu8_TrkIsoVVL_Ele23_CaloIdL_TrackIdL_IsoVL_v7,104.613,100.175
278957:5209,08/16/16 21:31:36,149,HLT_Mu8_TrkIsoVVL_Ele23_CaloIdL_TrackIdL_IsoVL_v7,38.331,36.745
278962:5210,08/17/16 01:08:31,341,HLT_Mu8_TrkIsoVVL_Ele23_CaloIdL_TrackIdL_IsoVL_v7,83.145,77.293
278963:5210,08/17/16 03:24:57,174,HLT_Mu8_TrkIsoVVL_Ele23_CaloIdL_TrackIdL_IsoVL_v7,39.264,37.745
278969:5211,08/17/16 07:16:52,1386,HLT_Mu8_TrkIsoVVL_Ele23_CaloIdL_TrackIdL_IsoVL_v7,300.996,287.917
278975:5211,08/17/16 16:23:16,848,HLT_Mu8_TrkIsoVVL_Ele23_CaloIdL_TrackIdL_IsoVL_v7,129.009,123.191
278976:5211,08/17/16 21:58:16,20,HLT_Mu8_TrkIsoVVL_Ele23_CaloIdL_TrackIdL_IsoVL_v7,2.729,2.627
278986:5213,08/18/16 04:02:59,129,HLT_Mu8_TrkIsoVVL_Ele23_CaloIdL_TrackIdL_IsoVL_v7,34.228,32.092
279024:5219,08/18/16 22:31:53,301,HLT_Mu8_TrkIsoVVL_Ele23_CaloIdL_TrackIdL_IsoVL_v7,53.413,50.732
279029:5219,08/19/16 02:19:40,260,HLT_Mu8_TrkIsoVVL_Ele23_CaloIdL_TrackIdL_IsoVL_v7,41.058,39.029
279071:5222,08/19/16 15:40:07,174,HLT_Mu8_TrkIsoVVL_Ele23_CaloIdL_TrackIdL_IsoVL_v7,24.128,23.198
279080:5223,08/19/16 22:42:50,157,HLT_Mu8_TrkIsoVVL_Ele23_CaloIdL_TrackIdL_IsoVL_v7,13.641,13.167
279115:5229,08/20/16 22:08:09,407,HLT_Mu8_TrkIsoVVL_Ele23_CaloIdL_TrackIdL_IsoVL_v7,89.285,85.924
279116:5229,08/21/16 01:36:03,448,HLT_Mu8_TrkIsoVVL_Ele23_CaloIdL_TrackIdL_IsoVL_v7,96.330,92.434
279479:5247,08/25/16 04:33:24,105,HLT_Mu8_TrkIsoVVL_Ele23_CaloIdL_TrackIdL_IsoVL_v7,6.411,6.066
279588:5251,08/25/16 21:08:11,1160,HLT_Mu8_TrkIsoVVL_Ele23_CaloIdL_TrackIdL_IsoVL_v7,241.675,233.156
279653:5253,08/26/16 14:05:52,181,HLT_Mu8_TrkIsoVVL_Ele23_CaloIdL_TrackIdL_IsoVL_v7,45.810,44.147
279654:5253,08/26/16 15:21:58,1245,HLT_Mu8_TrkIsoVVL_Ele23_CaloIdL_TrackIdL_IsoVL_v7,253.666,245.477
279656:5253,08/26/16 23:49:40,43,HLT_Mu8_TrkIsoVVL_Ele23_CaloIdL_TrackIdL_IsoVL_v7,6.900,5.825
279658:5253,08/27/16 01:35:19,712,HLT_Mu8_TrkIsoVVL_Ele23_CaloIdL_TrackIdL_IsoVL_v7,97.710,95.006
279667:5254,08/27/16 09:08:23,966,HLT_Mu8_TrkIsoVVL_Ele23_CaloIdL_TrackIdL_IsoVL_v7,217.998,210.827
279681:5256,08/27/16 21:57:02,28,HLT_Mu8_TrkIsoVVL_Ele23_CaloIdL_TrackIdL_IsoVL_v7,7.306,6.716
279682:5256,08/27/16 22:11:02,33,HLT_Mu8_TrkIsoVVL_Ele23_CaloIdL_TrackIdL_IsoVL_v7,8.662,7.833
279683:5256,08/27/16 22:32:16,26,HLT_Mu8_TrkIsoVVL_Ele23_CaloIdL_TrackIdL_IsoVL_v7,6.753,6.411
279684:5256,08/27/16 22:46:58,22,HLT_Mu8_TrkIsoVVL_Ele23_CaloIdL_TrackIdL_IsoVL_v7,5.593,5.345
279685:5256,08/27/16 23:07:12,208,HLT_Mu8_TrkIsoVVL_Ele23_CaloIdL_TrackIdL_IsoVL_v7,50.467,48.848
279691:5257,08/28/16 03:41:26,43,HLT_Mu8_TrkIsoVVL_Ele23_CaloIdL_TrackIdL_IsoVL_v7,10.322,9.728
279694:5257,08/28/16 04:03:09,2235,HLT_Mu8_TrkIsoVVL_Ele23_CaloIdL_TrackIdL_IsoVL_v7,418.135,406.150
279715:5258,08/28/16 22:01:34,577,HLT_Mu8_TrkIsoVVL_Ele23_CaloIdL_TrackIdL_IsoVL_v7,135.677,130.204
279716:5258,08/29/16 02:17:06,1638,HLT_Mu8_TrkIsoVVL_Ele23_CaloIdL_TrackIdL_IsoVL_v7,269.173,262.229
279760:5261,08/29/16 20:21:24,655,HLT_Mu8_TrkIsoVVL_Ele23_CaloIdL_TrackIdL_IsoVL_v7,161.478,156.255
279766:5261,08/30/16 01:08:36,1689,HLT_Mu8_TrkIsoVVL_Ele23_CaloIdL_TrackIdL_IsoVL_v7,282.978,274.841
279767:5261,08/30/16 12:08:03,776,HLT_Mu8_TrkIsoVVL_Ele23_CaloIdL_TrackIdL_IsoVL_v7,94.447,92.355
279794:5264,08/30/16 23:41:02,1024,HLT_Mu8_TrkIsoVVL_Ele23_CaloIdL_TrackIdL_IsoVL_v7,234.466,227.434
279823:5265,08/31/16 10:00:39,335,HLT_Mu8_TrkIsoVVL_Ele23_CaloIdL_TrackIdL_IsoVL_v7,85.837,83.242
279841:5266,08/31/16 15:23:17,2040,HLT_Mu8_TrkIsoVVL_Ele23_CaloIdL_TrackIdL_IsoVL_v7,390.773,378.513
279844:5267,09/01/16 07:21:16,224,HLT_Mu8_TrkIsoVVL_Ele23_CaloIdL_TrackIdL_IsoVL_v7,60.182,57.514
279887:5270,09/01/16 23:20:52,316,HLT_Mu8_TrkIsoVVL_Ele23_CaloIdL_TrackIdL_IsoVL_v7,77.913,74.727
279931:5274,09/02/16 11:37:39,2934,HLT_Mu8_TrkIsoVVL_Ele23_CaloIdL_TrackIdL_IsoVL_v7,502.189,487.164
279966:5275,09/03/16 09:20:25,363,HLT_Mu8_TrkIsoVVL_Ele23_CaloIdL_TrackIdL_IsoVL_v7,98.669,94.646
279975:5276,09/03/16 14:45:09,1024,HLT_Mu8_TrkIsoVVL_Ele23_CaloIdL_TrackIdL_IsoVL_v7,252.850,243.664
279993:5277,09/04/16 00:23:27,72,HLT_Mu8_TrkIsoVVL_Ele23_CaloIdL_TrackIdL_IsoVL_v7,19.585,18.378
279994:5277,09/04/16 00:56:48,47,HLT_Mu8_TrkIsoVVL_Ele23_CaloIdL_TrackIdL_IsoVL_v7,13.340,12.589
280013:5277,09/04/16 03:35:47,25,HLT_Mu8_TrkIsoVVL_Ele23_CaloIdL_TrackIdL_IsoVL_v7,5.988,5.751
280015:5277,09/04/16 03:55:19,572,HLT_Mu8_TrkIsoVVL_Ele23_CaloIdL_TrackIdL_IsoVL_v7,122.374,117.766
280016:5277,09/04/16 07:42:16,149,HLT_Mu8_TrkIsoVVL_Ele23_CaloIdL_TrackIdL_IsoVL_v7,28.222,27.220
280017:5277,09/04/16 08:45:47,608,HLT_Mu8_TrkIsoVVL_Ele23_CaloIdL_TrackIdL_IsoVL_v7,103.496,100.514
280018:5277,09/04/16 12:47:05,1281,HLT_Mu8_TrkIsoVVL_Ele23_CaloIdL_TrackIdL_IsoVL_v7,168.200,163.801
280020:5277,09/04/16 21:15:15,45,HLT_Mu8_TrkIsoVVL_Ele23_CaloIdL_TrackIdL_IsoVL_v7,4.939,4.761
280024:5277,09/04/16 21:47:39,427,HLT_Mu8_TrkIsoVVL_Ele23_CaloIdL_TrackIdL_IsoVL_v7,44.000,43.199
280187:5279,09/05/16 20:24:23,57,HLT_Mu8_TrkIsoVVL_Ele23_CaloIdL_TrackIdL_IsoVL_v7,14.903,13.454
280188:5279,09/05/16 20:50:25,245,HLT_Mu8_TrkIsoVVL_Ele23_CaloIdL_TrackIdL_IsoVL_v7,65.352,62.683
280191:5279,09/05/16 22:40:17,897,HLT_Mu8_TrkIsoVVL_Ele23_CaloIdL_TrackIdL_IsoVL_v7,189.831,183.010
280194:5279,09/06/16 06:00:49,238,HLT_Mu8_TrkIsoVVL_Ele23_CaloIdL_TrackIdL_IsoVL_v7,37.356,36.244
280242:5282,09/06/16 15:43:40,625,HLT_Mu8_TrkIsoVVL_Ele23_CaloIdL_TrackIdL_IsoVL_v7,156.851,150.585
280249:5282,09/06/16 19:52:07,1432,HLT_Mu8_TrkIsoVVL_Ele23_CaloIdL_TrackIdL_IsoVL_v7,253.448,245.267
280251:5282,09/07/16 05:14:58,371,HLT_Mu8_TrkIsoVVL_Ele23_CaloIdL_TrackIdL_IsoVL_v7,49.876,48.585
280327:5287,09/08/16 08:23:13,37,HLT_Mu8_TrkIsoVVL_Ele23_CaloIdL_TrackIdL_IsoVL_v7,9.724,8.880
280330:5287,09/08/16 08:46:53,857,HLT_Mu8_TrkIsoVVL_Ele23_CaloIdL_TrackIdL_IsoVL_v7,197.041,189.771
280349:5287,09/08/16 14:27:22,620,HLT_Mu8_TrkIsoVVL_Ele23_CaloIdL_TrackIdL_IsoVL_v7,110.288,106.679
280363:5287,09/08/16 18:47:24,359,HLT_Mu8_TrkIsoVVL_Ele23_CaloIdL_TrackIdL_IsoVL_v7,53.214,51.471
280364:5287,09/08/16 21:09:57,1349,HLT_Mu8_TrkIsoVVL_Ele23_CaloIdL_TrackIdL_IsoVL_v7,165.875,160.092
280383:5288,09/09/16 08:41:13,2,HLT_Mu8_TrkIsoVVL_Ele23_CaloIdL_TrackIdL_IsoVL_v7,0.554,0.252
280384:5288,09/09/16 08:49:12,33,HLT_Mu8_TrkIsoVVL_Ele23_CaloIdL_TrackIdL_IsoVL_v7,8.614,7.954
280385:5288,09/09/16 09:11:36,2012,HLT_Mu8_TrkIsoVVL_Ele23_CaloIdL_TrackIdL_IsoVL_v7,387.389,373.399
#Summary:
#hltpath,nfill,nrun,ncms,totdelivered(/pb),totrecorded(/pb)
#HLT_Mu12_TrkIsoVVL_Ele23_CaloIdL_TrackIdL_IsoVL_DZ_v1,41,92,54253,10242.203,9818.341
#HLT_Mu12_TrkIsoVVL_Ele23_CaloIdL_TrackIdL_IsoVL_DZ_v4,32,86,47447,9199.511,8857.033
#HLT_Mu12_TrkIsoVVL_Ele23_CaloIdL_TrackIdL_IsoVL_v1,41,92,54253,10242.203,9818.341
#HLT_Mu12_TrkIsoVVL_Ele23_CaloIdL_TrackIdL_IsoVL_v3,32,86,47447,1252.422,1204.933
#HLT_Mu8_TrkIsoVVL_Ele23_CaloIdL_TrackIdL_IsoVL_DZ_v1,41,92,54253,10242.203,9818.341
#HLT_Mu8_TrkIsoVVL_Ele23_CaloIdL_TrackIdL_IsoVL_DZ_v4,32,86,47447,9199.511,8857.033
#HLT_Mu8_TrkIsoVVL_Ele23_CaloIdL_TrackIdL_IsoVL_v3,23,66,29602,2957.040,2836.688
#HLT_Mu8_TrkIsoVVL_Ele23_CaloIdL_TrackIdL_IsoVL_v4,4,12,7544,1012.039,968.121
#HLT_Mu8_TrkIsoVVL_Ele23_CaloIdL_TrackIdL_IsoVL_v5,4,16,8540,1195.154,1147.881
#HLT_Mu8_TrkIsoVVL_Ele23_CaloIdL_TrackIdL_IsoVL_v6,41,121,84812,13761.498,13182.687
#HLT_Mu8_TrkIsoVVL_Ele23_CaloIdL_TrackIdL_IsoVL_v7,41,92,54253,10242.203,9818.341

#Check JSON:
#(run,ls) in json but not in results: []
